2026-08-02 14:16:13.564 +03:00 [INF] Executed DbCommand (42ms) [Parameters=[], CommandType='"Text"', CommandTimeout='30']
SELECT 1
2026-08-02 14:16:13.709 +03:00 [INF] Executed DbCommand (30ms) [Parameters=[], CommandType='"Text"', CommandTimeout='30']
SELECT OBJECT_ID(N'[__EFMigrationsHistory]');
2026-08-02 14:16:13.722 +03:00 [INF] Executed DbCommand (2ms) [Parameters=[], CommandType='"Text"', CommandTimeout='30']
SELECT 1
2026-08-02 14:16:13.733 +03:00 [INF] Executed DbCommand (1ms) [Parameters=[], CommandType='"Text"', CommandTimeout='30']
SELECT OBJECT_ID(N'[__EFMigrationsHistory]');
2026-08-02 14:16:13.772 +03:00 [INF] Executed DbCommand (3ms) [Parameters=[], CommandType='"Text"', CommandTimeout='30']
SELECT [MigrationId], [ProductVersion]
FROM [__EFMigrationsHistory]
ORDER BY [MigrationId];
2026-08-02 14:16:13.895 +03:00 [INF] No migrations were applied. The database is already up to date.
2026-08-02 14:16:14.514 +03:00 [INF] InvoiceCheckWorker başladı. InitialDelay=30sn
2026-08-02 14:16:15.028 +03:00 [WRN] Overriding address(es) 'http://localhost:5011'. Binding to endpoints defined via IConfiguration and/or UseKestrel() instead.
2026-08-02 14:16:15.136 +03:00 [INF] Now listening on: http://localhost:5011
2026-08-02 14:16:15.262 +03:00 [INF] Application started. Press Ctrl+C to shut down.
2026-08-02 14:16:15.292 +03:00 [INF] Hosting environment: Development
2026-08-02 14:16:15.296 +03:00 [INF] Content root path: C:\GitHub\CengizMicroService\Sovos\Sovos.InvoiceWorker
2026-08-02 14:16:44.563 +03:00 [INF] === ScheduledChecks BAŞLADI ===
2026-08-02 14:16:44.835 +03:00 [INF] Executed DbCommand (26ms) [Parameters=[], CommandType='"Text"', CommandTimeout='30']
SELECT [s].[Id], [s].[CompanyCode], [s].[EncryptedPassword], [s].[FirmaId], [s].[IsActive], [s].[LastErrorMessage], [s].[LastFailedRunAt], [s].[LastSuccessfulRunAt], [s].[Name], [s].[NotificationEmails], [s].[ScheduleHour], [s].[ScheduleMode], [s].[Username]
FROM [SovosCompanies] AS [s]
WHERE [s].[IsActive] = CAST(1 AS bit)
2026-08-02 14:16:44.898 +03:00 [INF] 🧮 IsDue "Daily" | Id=1 nowHour=14 schedHour=22 lastDate=2026-07-09 nowDate=2026-08-02 → false
2026-08-02 14:16:44.902 +03:00 [INF] 🧮 IsDue "Daily" | Id=2 nowHour=14 schedHour=9 lastDate=2026-07-18 nowDate=2026-08-02 → true
2026-08-02 14:16:44.903 +03:00 [INF] 🧮 IsDue "Manual" | Id=3 nowHour=14 schedHour=9 lastDate=NULL nowDate=2026-08-02 → false
2026-08-02 14:16:44.905 +03:00 [INF] ScheduledChecks: 3 aktif firma, 1 tanesi şu an taranacak
2026-08-02 14:16:44.917 +03:00 [INF] Firma PKF SMMM: Tarama başlıyor (aralık 02.07.2026 - 02.08.2026)
2026-08-02 14:17:15.554 +03:00 [WRN] Firma PKF SMMM: Login başarısız, deneme 1/3. Hata: Login zaman aşımı (15 sn): 'Çıkış' linki görünmedi - giriş muhtemelen reddedildi.
2026-08-02 14:17:40.008 +03:00 [WRN] Firma PKF SMMM: Login başarısız, deneme 2/3. Hata: Login zaman aşımı (15 sn): 'Çıkış' linki görünmedi - giriş muhtemelen reddedildi.
2026-08-02 14:18:03.507 +03:00 [WRN] Firma PKF SMMM: Login başarısız, deneme 3/3. Hata: Login zaman aşımı (15 sn): 'Çıkış' linki görünmedi - giriş muhtemelen reddedildi.
2026-08-02 14:18:03.986 +03:00 [WRN] Firma PKF SMMM: Login hatası (manualMode=false)
Sovos.InvoiceWorker.Core.Exceptions.SovosLoginException: 3 deneme sonrası giriş başarısız - şifre veya kullanıcı adı yanlış olabilir.
 ---> Sovos.InvoiceWorker.Core.Exceptions.SovosLoginException: Login zaman aşımı (15 sn): 'Çıkış' linki görünmedi - giriş muhtemelen reddedildi.
 ---> System.TimeoutException: Timeout 15000ms exceeded.
Call log:
  - waiting for Locator("text=Çıkış") to be visible
   at Microsoft.Playwright.Transport.Connection.InnerSendMessageToServerAsync[T](ChannelOwner object, String method, Dictionary`2 dictionary, Boolean keepNulls) in /_/src/Playwright/Transport/Connection.cs:line 206
   at Microsoft.Playwright.Transport.Connection.WrapApiCallAsync[T](Func`1 action, Boolean isInternal) in /_/src/Playwright/Transport/Connection.cs:line 532
   at Microsoft.Playwright.Core.Frame.WaitForSelectorAsync(String selector, FrameWaitForSelectorOptions options) in /_/src/Playwright/Core/Frame.cs:line 667
   at Sovos.InvoiceWorker.Services.SovosScraper.AttemptLoginAsync(IPage page, Company company, String decryptedPassword) in C:\GitHub\CengizMicroService\Sovos\Sovos.InvoiceWorker\Services\SovosScraper.cs:line 121
   --- End of inner exception stack trace ---
   at Sovos.InvoiceWorker.Services.SovosScraper.AttemptLoginAsync(IPage page, Company company, String decryptedPassword) in C:\GitHub\CengizMicroService\Sovos\Sovos.InvoiceWorker\Services\SovosScraper.cs:line 127
   at Sovos.InvoiceWorker.Services.SovosScraper.LoginWithRetryAsync(IPage page, Company company, String decryptedPassword, CancellationToken ct) in C:\GitHub\CengizMicroService\Sovos\Sovos.InvoiceWorker\Services\SovosScraper.cs:line 72
   --- End of inner exception stack trace ---
   at Sovos.InvoiceWorker.Services.SovosScraper.LoginWithRetryAsync(IPage page, Company company, String decryptedPassword, CancellationToken ct) in C:\GitHub\CengizMicroService\Sovos\Sovos.InvoiceWorker\Services\SovosScraper.cs:line 93
   at Sovos.InvoiceWorker.Services.SovosScraper.FetchPendingInvoicesAsync(Company company, String decryptedPassword, DateTime fromDate, DateTime toDate, CancellationToken ct) in C:\GitHub\CengizMicroService\Sovos\Sovos.InvoiceWorker\Services\SovosScraper.cs:line 47
   at Sovos.InvoiceWorker.Services.SovosScraper.FetchPendingInvoicesAsync(Company company, String decryptedPassword, DateTime fromDate, DateTime toDate, CancellationToken ct) in C:\GitHub\CengizMicroService\Sovos\Sovos.InvoiceWorker\Services\SovosScraper.cs:line 57
   at Sovos.InvoiceWorker.Services.SovosScraper.FetchPendingInvoicesAsync(Company company, String decryptedPassword, DateTime fromDate, DateTime toDate, CancellationToken ct) in C:\GitHub\CengizMicroService\Sovos\Sovos.InvoiceWorker\Services\SovosScraper.cs:line 57
   at Sovos.InvoiceWorker.Services.InvoiceOrchestrator.ProcessHourlyAsync(Company company, DateTime fromDate, DateTime toDate, CancellationToken ct, Boolean manualMode) in C:\GitHub\CengizMicroService\Sovos\Sovos.InvoiceWorker\Services\InvoiceOrchestrator.cs:line 225
2026-08-02 14:18:04.062 +03:00 [ERR] Firma PKF SMMM: Login-hata maili gönderilemedi
System.InvalidOperationException: Brevo:ApiKey yapılandırılmamış.
   at Sovos.InvoiceWorker.Services.BrevoMailSender.SendAsync(List`1 recipients, String subject, String htmlContent, CancellationToken ct) in C:\GitHub\CengizMicroService\Sovos\Sovos.InvoiceWorker\Services\BrevoMailSender.cs:line 141
   at Sovos.InvoiceWorker.Services.BrevoMailSender.SendLoginErrorAsync(Company company, String errorMessage, CancellationToken ct) in C:\GitHub\CengizMicroService\Sovos\Sovos.InvoiceWorker\Services\BrevoMailSender.cs:line 112
   at Sovos.InvoiceWorker.Services.InvoiceOrchestrator.ProcessHourlyAsync(Company company, DateTime fromDate, DateTime toDate, CancellationToken ct, Boolean manualMode) in C:\GitHub\CengizMicroService\Sovos\Sovos.InvoiceWorker\Services\InvoiceOrchestrator.cs:line 277
2026-08-02 14:18:04.175 +03:00 [INF] Executed DbCommand (29ms) [Parameters=[@p1='?' (DbType = Int32), @p0='?' (DbType = DateTime2)], CommandType='"Text"', CommandTimeout='30']
SET IMPLICIT_TRANSACTIONS OFF;
SET NOCOUNT ON;
UPDATE [SovosCompanies] SET [LastFailedRunAt] = @p0
OUTPUT 1
WHERE [Id] = @p1;
2026-08-02 14:18:04.190 +03:00 [INF] === ScheduledChecks BİTTİ (79625ms) ===
2026-08-02 14:19:04.212 +03:00 [INF] === ScheduledChecks BAŞLADI ===
2026-08-02 14:19:04.260 +03:00 [INF] Executed DbCommand (5ms) [Parameters=[], CommandType='"Text"', CommandTimeout='30']
SELECT [s].[Id], [s].[CompanyCode], [s].[EncryptedPassword], [s].[FirmaId], [s].[IsActive], [s].[LastErrorMessage], [s].[LastFailedRunAt], [s].[LastSuccessfulRunAt], [s].[Name], [s].[NotificationEmails], [s].[ScheduleHour], [s].[ScheduleMode], [s].[Username]
FROM [SovosCompanies] AS [s]
WHERE [s].[IsActive] = CAST(1 AS bit)
2026-08-02 14:19:04.262 +03:00 [INF] 🧮 IsDue "Daily" | Id=1 nowHour=14 schedHour=22 lastDate=2026-07-09 nowDate=2026-08-02 → false
2026-08-02 14:19:04.263 +03:00 [INF] 🧮 IsDue "Daily" | Id=2 nowHour=14 schedHour=9 lastDate=2026-08-02 nowDate=2026-08-02 → false
2026-08-02 14:19:04.264 +03:00 [INF] 🧮 IsDue "Manual" | Id=3 nowHour=14 schedHour=9 lastDate=NULL nowDate=2026-08-02 → false
2026-08-02 14:19:04.265 +03:00 [INF] === ScheduledChecks BİTTİ (48ms) ===
2026-08-02 14:20:04.267 +03:00 [INF] === ScheduledChecks BAŞLADI ===
2026-08-02 14:20:04.277 +03:00 [INF] Executed DbCommand (3ms) [Parameters=[], CommandType='"Text"', CommandTimeout='30']
SELECT [s].[Id], [s].[CompanyCode], [s].[EncryptedPassword], [s].[FirmaId], [s].[IsActive], [s].[LastErrorMessage], [s].[LastFailedRunAt], [s].[LastSuccessfulRunAt], [s].[Name], [s].[NotificationEmails], [s].[ScheduleHour], [s].[ScheduleMode], [s].[Username]
FROM [SovosCompanies] AS [s]
WHERE [s].[IsActive] = CAST(1 AS bit)
2026-08-02 14:20:04.280 +03:00 [INF] 🧮 IsDue "Daily" | Id=1 nowHour=14 schedHour=22 lastDate=2026-07-09 nowDate=2026-08-02 → false
2026-08-02 14:20:04.281 +03:00 [INF] 🧮 IsDue "Daily" | Id=2 nowHour=14 schedHour=9 lastDate=2026-08-02 nowDate=2026-08-02 → false
2026-08-02 14:20:04.282 +03:00 [INF] 🧮 IsDue "Manual" | Id=3 nowHour=14 schedHour=9 lastDate=NULL nowDate=2026-08-02 → false
2026-08-02 14:20:04.283 +03:00 [INF] === ScheduledChecks BİTTİ (14ms) ===
2026-08-02 14:21:04.284 +03:00 [INF] === ScheduledChecks BAŞLADI ===
2026-08-02 14:21:04.294 +03:00 [INF] Executed DbCommand (3ms) [Parameters=[], CommandType='"Text"', CommandTimeout='30']
SELECT [s].[Id], [s].[CompanyCode], [s].[EncryptedPassword], [s].[FirmaId], [s].[IsActive], [s].[LastErrorMessage], [s].[LastFailedRunAt], [s].[LastSuccessfulRunAt], [s].[Name], [s].[NotificationEmails], [s].[ScheduleHour], [s].[ScheduleMode], [s].[Username]
FROM [SovosCompanies] AS [s]
WHERE [s].[IsActive] = CAST(1 AS bit)
2026-08-02 14:21:04.295 +03:00 [INF] 🧮 IsDue "Daily" | Id=1 nowHour=14 schedHour=22 lastDate=2026-07-09 nowDate=2026-08-02 → false
2026-08-02 14:21:04.296 +03:00 [INF] 🧮 IsDue "Daily" | Id=2 nowHour=14 schedHour=9 lastDate=2026-08-02 nowDate=2026-08-02 → false
2026-08-02 14:21:04.297 +03:00 [INF] 🧮 IsDue "Manual" | Id=3 nowHour=14 schedHour=9 lastDate=NULL nowDate=2026-08-02 → false
2026-08-02 14:21:04.298 +03:00 [INF] === ScheduledChecks BİTTİ (12ms) ===
2026-08-02 14:22:04.313 +03:00 [INF] === ScheduledChecks BAŞLADI ===
2026-08-02 14:22:04.322 +03:00 [INF] Executed DbCommand (2ms) [Parameters=[], CommandType='"Text"', CommandTimeout='30']
SELECT [s].[Id], [s].[CompanyCode], [s].[EncryptedPassword], [s].[FirmaId], [s].[IsActive], [s].[LastErrorMessage], [s].[LastFailedRunAt], [s].[LastSuccessfulRunAt], [s].[Name], [s].[NotificationEmails], [s].[ScheduleHour], [s].[ScheduleMode], [s].[Username]
FROM [SovosCompanies] AS [s]
WHERE [s].[IsActive] = CAST(1 AS bit)
2026-08-02 14:22:04.323 +03:00 [INF] 🧮 IsDue "Daily" | Id=1 nowHour=14 schedHour=22 lastDate=2026-07-09 nowDate=2026-08-02 → false
2026-08-02 14:22:04.324 +03:00 [INF] 🧮 IsDue "Daily" | Id=2 nowHour=14 schedHour=9 lastDate=2026-08-02 nowDate=2026-08-02 → false
2026-08-02 14:22:04.325 +03:00 [INF] 🧮 IsDue "Manual" | Id=3 nowHour=14 schedHour=9 lastDate=NULL nowDate=2026-08-02 → false
2026-08-02 14:22:04.326 +03:00 [INF] === ScheduledChecks BİTTİ (12ms) ===
2026-08-02 14:23:04.328 +03:00 [INF] === ScheduledChecks BAŞLADI ===
2026-08-02 14:23:04.338 +03:00 [INF] Executed DbCommand (3ms) [Parameters=[], CommandType='"Text"', CommandTimeout='30']
SELECT [s].[Id], [s].[CompanyCode], [s].[EncryptedPassword], [s].[FirmaId], [s].[IsActive], [s].[LastErrorMessage], [s].[LastFailedRunAt], [s].[LastSuccessfulRunAt], [s].[Name], [s].[NotificationEmails], [s].[ScheduleHour], [s].[ScheduleMode], [s].[Username]
FROM [SovosCompanies] AS [s]
WHERE [s].[IsActive] = CAST(1 AS bit)
2026-08-02 14:23:04.339 +03:00 [INF] 🧮 IsDue "Daily" | Id=1 nowHour=14 schedHour=22 lastDate=2026-07-09 nowDate=2026-08-02 → false
2026-08-02 14:23:04.340 +03:00 [INF] 🧮 IsDue "Daily" | Id=2 nowHour=14 schedHour=9 lastDate=2026-08-02 nowDate=2026-08-02 → false
2026-08-02 14:23:04.341 +03:00 [INF] 🧮 IsDue "Manual" | Id=3 nowHour=14 schedHour=9 lastDate=NULL nowDate=2026-08-02 → false
2026-08-02 14:23:04.342 +03:00 [INF] === ScheduledChecks BİTTİ (12ms) ===
2026-08-02 14:24:04.344 +03:00 [INF] === ScheduledChecks BAŞLADI ===
2026-08-02 14:24:04.353 +03:00 [INF] Executed DbCommand (5ms) [Parameters=[], CommandType='"Text"', CommandTimeout='30']
SELECT [s].[Id], [s].[CompanyCode], [s].[EncryptedPassword], [s].[FirmaId], [s].[IsActive], [s].[LastErrorMessage], [s].[LastFailedRunAt], [s].[LastSuccessfulRunAt], [s].[Name], [s].[NotificationEmails], [s].[ScheduleHour], [s].[ScheduleMode], [s].[Username]
FROM [SovosCompanies] AS [s]
WHERE [s].[IsActive] = CAST(1 AS bit)
2026-08-02 14:24:04.359 +03:00 [INF] 🧮 IsDue "Daily" | Id=1 nowHour=14 schedHour=22 lastDate=2026-07-09 nowDate=2026-08-02 → false
2026-08-02 14:24:04.361 +03:00 [INF] 🧮 IsDue "Daily" | Id=2 nowHour=14 schedHour=9 lastDate=2026-08-02 nowDate=2026-08-02 → false
2026-08-02 14:24:04.362 +03:00 [INF] 🧮 IsDue "Manual" | Id=3 nowHour=14 schedHour=9 lastDate=NULL nowDate=2026-08-02 → false
2026-08-02 14:24:04.363 +03:00 [INF] === ScheduledChecks BİTTİ (18ms) ===
2026-08-02 14:25:04.365 +03:00 [INF] === ScheduledChecks BAŞLADI ===
2026-08-02 14:25:04.375 +03:00 [INF] Executed DbCommand (3ms) [Parameters=[], CommandType='"Text"', CommandTimeout='30']
SELECT [s].[Id], [s].[CompanyCode], [s].[EncryptedPassword], [s].[FirmaId], [s].[IsActive], [s].[LastErrorMessage], [s].[LastFailedRunAt], [s].[LastSuccessfulRunAt], [s].[Name], [s].[NotificationEmails], [s].[ScheduleHour], [s].[ScheduleMode], [s].[Username]
FROM [SovosCompanies] AS [s]
WHERE [s].[IsActive] = CAST(1 AS bit)
2026-08-02 14:25:04.376 +03:00 [INF] 🧮 IsDue "Daily" | Id=1 nowHour=14 schedHour=22 lastDate=2026-07-09 nowDate=2026-08-02 → false
2026-08-02 14:25:04.378 +03:00 [INF] 🧮 IsDue "Daily" | Id=2 nowHour=14 schedHour=9 lastDate=2026-08-02 nowDate=2026-08-02 → false
2026-08-02 14:25:04.379 +03:00 [INF] 🧮 IsDue "Manual" | Id=3 nowHour=14 schedHour=9 lastDate=NULL nowDate=2026-08-02 → false
2026-08-02 14:25:04.380 +03:00 [INF] === ScheduledChecks BİTTİ (14ms) ===
2026-08-02 14:26:04.373 +03:00 [INF] === ScheduledChecks BAŞLADI ===
2026-08-02 14:26:04.390 +03:00 [INF] Executed DbCommand (14ms) [Parameters=[], CommandType='"Text"', CommandTimeout='30']
SELECT [s].[Id], [s].[CompanyCode], [s].[EncryptedPassword], [s].[FirmaId], [s].[IsActive], [s].[LastErrorMessage], [s].[LastFailedRunAt], [s].[LastSuccessfulRunAt], [s].[Name], [s].[NotificationEmails], [s].[ScheduleHour], [s].[ScheduleMode], [s].[Username]
FROM [SovosCompanies] AS [s]
WHERE [s].[IsActive] = CAST(1 AS bit)
2026-08-02 14:26:04.392 +03:00 [INF] 🧮 IsDue "Daily" | Id=1 nowHour=14 schedHour=22 lastDate=2026-07-09 nowDate=2026-08-02 → false
2026-08-02 14:26:04.393 +03:00 [INF] 🧮 IsDue "Daily" | Id=2 nowHour=14 schedHour=9 lastDate=2026-08-02 nowDate=2026-08-02 → false
2026-08-02 14:26:04.394 +03:00 [INF] 🧮 IsDue "Manual" | Id=3 nowHour=14 schedHour=9 lastDate=NULL nowDate=2026-08-02 → false
2026-08-02 14:26:04.395 +03:00 [INF] === ScheduledChecks BİTTİ (20ms) ===
2026-08-02 14:27:04.405 +03:00 [INF] === ScheduledChecks BAŞLADI ===
2026-08-02 14:27:04.419 +03:00 [INF] Executed DbCommand (8ms) [Parameters=[], CommandType='"Text"', CommandTimeout='30']
SELECT [s].[Id], [s].[CompanyCode], [s].[EncryptedPassword], [s].[FirmaId], [s].[IsActive], [s].[LastErrorMessage], [s].[LastFailedRunAt], [s].[LastSuccessfulRunAt], [s].[Name], [s].[NotificationEmails], [s].[ScheduleHour], [s].[ScheduleMode], [s].[Username]
FROM [SovosCompanies] AS [s]
WHERE [s].[IsActive] = CAST(1 AS bit)
2026-08-02 14:27:04.420 +03:00 [INF] 🧮 IsDue "Daily" | Id=1 nowHour=14 schedHour=22 lastDate=2026-07-09 nowDate=2026-08-02 → false
2026-08-02 14:27:04.421 +03:00 [INF] 🧮 IsDue "Daily" | Id=2 nowHour=14 schedHour=9 lastDate=2026-08-02 nowDate=2026-08-02 → false
2026-08-02 14:27:04.422 +03:00 [INF] 🧮 IsDue "Manual" | Id=3 nowHour=14 schedHour=9 lastDate=NULL nowDate=2026-08-02 → false
2026-08-02 14:27:04.424 +03:00 [INF] === ScheduledChecks BİTTİ (18ms) ===
2026-08-02 14:28:04.435 +03:00 [INF] === ScheduledChecks BAŞLADI ===
2026-08-02 14:28:04.444 +03:00 [INF] Executed DbCommand (2ms) [Parameters=[], CommandType='"Text"', CommandTimeout='30']
SELECT [s].[Id], [s].[CompanyCode], [s].[EncryptedPassword], [s].[FirmaId], [s].[IsActive], [s].[LastErrorMessage], [s].[LastFailedRunAt], [s].[LastSuccessfulRunAt], [s].[Name], [s].[NotificationEmails], [s].[ScheduleHour], [s].[ScheduleMode], [s].[Username]
FROM [SovosCompanies] AS [s]
WHERE [s].[IsActive] = CAST(1 AS bit)
2026-08-02 14:28:04.449 +03:00 [INF] 🧮 IsDue "Daily" | Id=1 nowHour=14 schedHour=22 lastDate=2026-07-09 nowDate=2026-08-02 → false
2026-08-02 14:28:04.450 +03:00 [INF] 🧮 IsDue "Daily" | Id=2 nowHour=14 schedHour=9 lastDate=2026-08-02 nowDate=2026-08-02 → false
2026-08-02 14:28:04.451 +03:00 [INF] 🧮 IsDue "Manual" | Id=3 nowHour=14 schedHour=9 lastDate=NULL nowDate=2026-08-02 → false
2026-08-02 14:28:04.453 +03:00 [INF] === ScheduledChecks BİTTİ (16ms) ===
2026-08-02 14:29:04.466 +03:00 [INF] === ScheduledChecks BAŞLADI ===
2026-08-02 14:29:04.473 +03:00 [INF] Executed DbCommand (5ms) [Parameters=[], CommandType='"Text"', CommandTimeout='30']
SELECT [s].[Id], [s].[CompanyCode], [s].[EncryptedPassword], [s].[FirmaId], [s].[IsActive], [s].[LastErrorMessage], [s].[LastFailedRunAt], [s].[LastSuccessfulRunAt], [s].[Name], [s].[NotificationEmails], [s].[ScheduleHour], [s].[ScheduleMode], [s].[Username]
FROM [SovosCompanies] AS [s]
WHERE [s].[IsActive] = CAST(1 AS bit)
2026-08-02 14:29:04.475 +03:00 [INF] 🧮 IsDue "Daily" | Id=1 nowHour=14 schedHour=22 lastDate=2026-07-09 nowDate=2026-08-02 → false
2026-08-02 14:29:04.476 +03:00 [INF] 🧮 IsDue "Daily" | Id=2 nowHour=14 schedHour=9 lastDate=2026-08-02 nowDate=2026-08-02 → false
2026-08-02 14:29:04.477 +03:00 [INF] 🧮 IsDue "Manual" | Id=3 nowHour=14 schedHour=9 lastDate=NULL nowDate=2026-08-02 → false
2026-08-02 14:29:04.478 +03:00 [INF] === ScheduledChecks BİTTİ (11ms) ===
2026-08-02 14:30:04.486 +03:00 [INF] === ScheduledChecks BAŞLADI ===
2026-08-02 14:30:04.508 +03:00 [INF] Executed DbCommand (15ms) [Parameters=[], CommandType='"Text"', CommandTimeout='30']
SELECT [s].[Id], [s].[CompanyCode], [s].[EncryptedPassword], [s].[FirmaId], [s].[IsActive], [s].[LastErrorMessage], [s].[LastFailedRunAt], [s].[LastSuccessfulRunAt], [s].[Name], [s].[NotificationEmails], [s].[ScheduleHour], [s].[ScheduleMode], [s].[Username]
FROM [SovosCompanies] AS [s]
WHERE [s].[IsActive] = CAST(1 AS bit)
2026-08-02 14:30:04.509 +03:00 [INF] 🧮 IsDue "Daily" | Id=1 nowHour=14 schedHour=22 lastDate=2026-07-09 nowDate=2026-08-02 → false
2026-08-02 14:30:04.511 +03:00 [INF] 🧮 IsDue "Daily" | Id=2 nowHour=14 schedHour=9 lastDate=2026-08-02 nowDate=2026-08-02 → false
2026-08-02 14:30:04.512 +03:00 [INF] 🧮 IsDue "Manual" | Id=3 nowHour=14 schedHour=9 lastDate=NULL nowDate=2026-08-02 → false
2026-08-02 14:30:04.513 +03:00 [INF] === ScheduledChecks BİTTİ (25ms) ===
2026-08-02 14:31:04.523 +03:00 [INF] === ScheduledChecks BAŞLADI ===
2026-08-02 14:31:04.543 +03:00 [INF] Executed DbCommand (14ms) [Parameters=[], CommandType='"Text"', CommandTimeout='30']
SELECT [s].[Id], [s].[CompanyCode], [s].[EncryptedPassword], [s].[FirmaId], [s].[IsActive], [s].[LastErrorMessage], [s].[LastFailedRunAt], [s].[LastSuccessfulRunAt], [s].[Name], [s].[NotificationEmails], [s].[ScheduleHour], [s].[ScheduleMode], [s].[Username]
FROM [SovosCompanies] AS [s]
WHERE [s].[IsActive] = CAST(1 AS bit)
2026-08-02 14:31:04.545 +03:00 [INF] 🧮 IsDue "Daily" | Id=1 nowHour=14 schedHour=22 lastDate=2026-07-09 nowDate=2026-08-02 → false
2026-08-02 14:31:04.546 +03:00 [INF] 🧮 IsDue "Daily" | Id=2 nowHour=14 schedHour=9 lastDate=2026-08-02 nowDate=2026-08-02 → false
2026-08-02 14:31:04.547 +03:00 [INF] 🧮 IsDue "Manual" | Id=3 nowHour=14 schedHour=9 lastDate=NULL nowDate=2026-08-02 → false
2026-08-02 14:31:04.548 +03:00 [INF] === ScheduledChecks BİTTİ (24ms) ===
2026-08-02 14:32:04.551 +03:00 [INF] === ScheduledChecks BAŞLADI ===
2026-08-02 14:32:04.567 +03:00 [INF] Executed DbCommand (14ms) [Parameters=[], CommandType='"Text"', CommandTimeout='30']
SELECT [s].[Id], [s].[CompanyCode], [s].[EncryptedPassword], [s].[FirmaId], [s].[IsActive], [s].[LastErrorMessage], [s].[LastFailedRunAt], [s].[LastSuccessfulRunAt], [s].[Name], [s].[NotificationEmails], [s].[ScheduleHour], [s].[ScheduleMode], [s].[Username]
FROM [SovosCompanies] AS [s]
WHERE [s].[IsActive] = CAST(1 AS bit)
2026-08-02 14:32:04.569 +03:00 [INF] 🧮 IsDue "Daily" | Id=1 nowHour=14 schedHour=22 lastDate=2026-07-09 nowDate=2026-08-02 → false
2026-08-02 14:32:04.570 +03:00 [INF] 🧮 IsDue "Daily" | Id=2 nowHour=14 schedHour=9 lastDate=2026-08-02 nowDate=2026-08-02 → false
2026-08-02 14:32:04.572 +03:00 [INF] 🧮 IsDue "Manual" | Id=3 nowHour=14 schedHour=9 lastDate=NULL nowDate=2026-08-02 → false
2026-08-02 14:32:04.573 +03:00 [INF] === ScheduledChecks BİTTİ (20ms) ===
2026-08-02 14:33:04.581 +03:00 [INF] === ScheduledChecks BAŞLADI ===
2026-08-02 14:33:04.590 +03:00 [INF] Executed DbCommand (4ms) [Parameters=[], CommandType='"Text"', CommandTimeout='30']
SELECT [s].[Id], [s].[CompanyCode], [s].[EncryptedPassword], [s].[FirmaId], [s].[IsActive], [s].[LastErrorMessage], [s].[LastFailedRunAt], [s].[LastSuccessfulRunAt], [s].[Name], [s].[NotificationEmails], [s].[ScheduleHour], [s].[ScheduleMode], [s].[Username]
FROM [SovosCompanies] AS [s]
WHERE [s].[IsActive] = CAST(1 AS bit)
2026-08-02 14:33:04.591 +03:00 [INF] 🧮 IsDue "Daily" | Id=1 nowHour=14 schedHour=22 lastDate=2026-07-09 nowDate=2026-08-02 → false
2026-08-02 14:33:04.592 +03:00 [INF] 🧮 IsDue "Daily" | Id=2 nowHour=14 schedHour=9 lastDate=2026-08-02 nowDate=2026-08-02 → false
2026-08-02 14:33:04.593 +03:00 [INF] 🧮 IsDue "Manual" | Id=3 nowHour=14 schedHour=9 lastDate=NULL nowDate=2026-08-02 → false
2026-08-02 14:33:04.594 +03:00 [INF] === ScheduledChecks BİTTİ (12ms) ===
2026-08-02 14:34:04.602 +03:00 [INF] === ScheduledChecks BAŞLADI ===
2026-08-02 14:34:04.610 +03:00 [INF] Executed DbCommand (3ms) [Parameters=[], CommandType='"Text"', CommandTimeout='30']
SELECT [s].[Id], [s].[CompanyCode], [s].[EncryptedPassword], [s].[FirmaId], [s].[IsActive], [s].[LastErrorMessage], [s].[LastFailedRunAt], [s].[LastSuccessfulRunAt], [s].[Name], [s].[NotificationEmails], [s].[ScheduleHour], [s].[ScheduleMode], [s].[Username]
FROM [SovosCompanies] AS [s]
WHERE [s].[IsActive] = CAST(1 AS bit)
2026-08-02 14:34:04.611 +03:00 [INF] 🧮 IsDue "Daily" | Id=1 nowHour=14 schedHour=22 lastDate=2026-07-09 nowDate=2026-08-02 → false
2026-08-02 14:34:04.613 +03:00 [INF] 🧮 IsDue "Daily" | Id=2 nowHour=14 schedHour=9 lastDate=2026-08-02 nowDate=2026-08-02 → false
2026-08-02 14:34:04.614 +03:00 [INF] 🧮 IsDue "Manual" | Id=3 nowHour=14 schedHour=9 lastDate=NULL nowDate=2026-08-02 → false
2026-08-02 14:34:04.615 +03:00 [INF] === ScheduledChecks BİTTİ (12ms) ===
2026-08-02 14:35:04.615 +03:00 [INF] === ScheduledChecks BAŞLADI ===
2026-08-02 14:35:04.623 +03:00 [INF] Executed DbCommand (3ms) [Parameters=[], CommandType='"Text"', CommandTimeout='30']
SELECT [s].[Id], [s].[CompanyCode], [s].[EncryptedPassword], [s].[FirmaId], [s].[IsActive], [s].[LastErrorMessage], [s].[LastFailedRunAt], [s].[LastSuccessfulRunAt], [s].[Name], [s].[NotificationEmails], [s].[ScheduleHour], [s].[ScheduleMode], [s].[Username]
FROM [SovosCompanies] AS [s]
WHERE [s].[IsActive] = CAST(1 AS bit)
2026-08-02 14:35:04.624 +03:00 [INF] 🧮 IsDue "Daily" | Id=1 nowHour=14 schedHour=22 lastDate=2026-07-09 nowDate=2026-08-02 → false
2026-08-02 14:35:04.625 +03:00 [INF] 🧮 IsDue "Daily" | Id=2 nowHour=14 schedHour=9 lastDate=2026-08-02 nowDate=2026-08-02 → false
2026-08-02 14:35:04.626 +03:00 [INF] 🧮 IsDue "Manual" | Id=3 nowHour=14 schedHour=9 lastDate=NULL nowDate=2026-08-02 → false
2026-08-02 14:35:04.627 +03:00 [INF] === ScheduledChecks BİTTİ (11ms) ===
2026-08-02 14:36:04.630 +03:00 [INF] === ScheduledChecks BAŞLADI ===
2026-08-02 14:36:04.652 +03:00 [INF] Executed DbCommand (17ms) [Parameters=[], CommandType='"Text"', CommandTimeout='30']
SELECT [s].[Id], [s].[CompanyCode], [s].[EncryptedPassword], [s].[FirmaId], [s].[IsActive], [s].[LastErrorMessage], [s].[LastFailedRunAt], [s].[LastSuccessfulRunAt], [s].[Name], [s].[NotificationEmails], [s].[ScheduleHour], [s].[ScheduleMode], [s].[Username]
FROM [SovosCompanies] AS [s]
WHERE [s].[IsActive] = CAST(1 AS bit)
2026-08-02 14:36:04.654 +03:00 [INF] 🧮 IsDue "Daily" | Id=1 nowHour=14 schedHour=22 lastDate=2026-07-09 nowDate=2026-08-02 → false
2026-08-02 14:36:04.655 +03:00 [INF] 🧮 IsDue "Daily" | Id=2 nowHour=14 schedHour=9 lastDate=2026-08-02 nowDate=2026-08-02 → false
2026-08-02 14:36:04.656 +03:00 [INF] 🧮 IsDue "Manual" | Id=3 nowHour=14 schedHour=9 lastDate=NULL nowDate=2026-08-02 → false
2026-08-02 14:36:04.657 +03:00 [INF] === ScheduledChecks BİTTİ (25ms) ===
2026-08-02 14:37:04.665 +03:00 [INF] === ScheduledChecks BAŞLADI ===
2026-08-02 14:37:04.673 +03:00 [INF] Executed DbCommand (6ms) [Parameters=[], CommandType='"Text"', CommandTimeout='30']
SELECT [s].[Id], [s].[CompanyCode], [s].[EncryptedPassword], [s].[FirmaId], [s].[IsActive], [s].[LastErrorMessage], [s].[LastFailedRunAt], [s].[LastSuccessfulRunAt], [s].[Name], [s].[NotificationEmails], [s].[ScheduleHour], [s].[ScheduleMode], [s].[Username]
FROM [SovosCompanies] AS [s]
WHERE [s].[IsActive] = CAST(1 AS bit)
2026-08-02 14:37:04.674 +03:00 [INF] 🧮 IsDue "Daily" | Id=1 nowHour=14 schedHour=22 lastDate=2026-07-09 nowDate=2026-08-02 → false
2026-08-02 14:37:04.675 +03:00 [INF] 🧮 IsDue "Daily" | Id=2 nowHour=14 schedHour=9 lastDate=2026-08-02 nowDate=2026-08-02 → false
2026-08-02 14:37:04.676 +03:00 [INF] 🧮 IsDue "Manual" | Id=3 nowHour=14 schedHour=9 lastDate=NULL nowDate=2026-08-02 → false
2026-08-02 14:37:04.677 +03:00 [INF] === ScheduledChecks BİTTİ (11ms) ===
2026-08-02 14:38:04.678 +03:00 [INF] === ScheduledChecks BAŞLADI ===
2026-08-02 14:38:04.687 +03:00 [INF] Executed DbCommand (6ms) [Parameters=[], CommandType='"Text"', CommandTimeout='30']
SELECT [s].[Id], [s].[CompanyCode], [s].[EncryptedPassword], [s].[FirmaId], [s].[IsActive], [s].[LastErrorMessage], [s].[LastFailedRunAt], [s].[LastSuccessfulRunAt], [s].[Name], [s].[NotificationEmails], [s].[ScheduleHour], [s].[ScheduleMode], [s].[Username]
FROM [SovosCompanies] AS [s]
WHERE [s].[IsActive] = CAST(1 AS bit)
2026-08-02 14:38:04.688 +03:00 [INF] 🧮 IsDue "Daily" | Id=1 nowHour=14 schedHour=22 lastDate=2026-07-09 nowDate=2026-08-02 → false
2026-08-02 14:38:04.689 +03:00 [INF] 🧮 IsDue "Daily" | Id=2 nowHour=14 schedHour=9 lastDate=2026-08-02 nowDate=2026-08-02 → false
2026-08-02 14:38:04.690 +03:00 [INF] 🧮 IsDue "Manual" | Id=3 nowHour=14 schedHour=9 lastDate=NULL nowDate=2026-08-02 → false
2026-08-02 14:38:04.691 +03:00 [INF] === ScheduledChecks BİTTİ (12ms) ===
2026-08-02 14:39:04.705 +03:00 [INF] === ScheduledChecks BAŞLADI ===
2026-08-02 14:39:04.714 +03:00 [INF] Executed DbCommand (5ms) [Parameters=[], CommandType='"Text"', CommandTimeout='30']
SELECT [s].[Id], [s].[CompanyCode], [s].[EncryptedPassword], [s].[FirmaId], [s].[IsActive], [s].[LastErrorMessage], [s].[LastFailedRunAt], [s].[LastSuccessfulRunAt], [s].[Name], [s].[NotificationEmails], [s].[ScheduleHour], [s].[ScheduleMode], [s].[Username]
FROM [SovosCompanies] AS [s]
WHERE [s].[IsActive] = CAST(1 AS bit)
2026-08-02 14:39:04.716 +03:00 [INF] 🧮 IsDue "Daily" | Id=1 nowHour=14 schedHour=22 lastDate=2026-07-09 nowDate=2026-08-02 → false
2026-08-02 14:39:04.718 +03:00 [INF] 🧮 IsDue "Daily" | Id=2 nowHour=14 schedHour=9 lastDate=2026-08-02 nowDate=2026-08-02 → false
2026-08-02 14:39:04.720 +03:00 [INF] 🧮 IsDue "Manual" | Id=3 nowHour=14 schedHour=9 lastDate=NULL nowDate=2026-08-02 → false
2026-08-02 14:39:04.722 +03:00 [INF] === ScheduledChecks BİTTİ (15ms) ===
2026-08-02 14:40:04.735 +03:00 [INF] === ScheduledChecks BAŞLADI ===
2026-08-02 14:40:04.742 +03:00 [INF] Executed DbCommand (3ms) [Parameters=[], CommandType='"Text"', CommandTimeout='30']
SELECT [s].[Id], [s].[CompanyCode], [s].[EncryptedPassword], [s].[FirmaId], [s].[IsActive], [s].[LastErrorMessage], [s].[LastFailedRunAt], [s].[LastSuccessfulRunAt], [s].[Name], [s].[NotificationEmails], [s].[ScheduleHour], [s].[ScheduleMode], [s].[Username]
FROM [SovosCompanies] AS [s]
WHERE [s].[IsActive] = CAST(1 AS bit)
2026-08-02 14:40:04.743 +03:00 [INF] 🧮 IsDue "Daily" | Id=1 nowHour=14 schedHour=22 lastDate=2026-07-09 nowDate=2026-08-02 → false
2026-08-02 14:40:04.744 +03:00 [INF] 🧮 IsDue "Daily" | Id=2 nowHour=14 schedHour=9 lastDate=2026-08-02 nowDate=2026-08-02 → false
2026-08-02 14:40:04.745 +03:00 [INF] 🧮 IsDue "Manual" | Id=3 nowHour=14 schedHour=9 lastDate=NULL nowDate=2026-08-02 → false
2026-08-02 14:40:04.746 +03:00 [INF] === ScheduledChecks BİTTİ (10ms) ===
2026-08-02 14:41:04.761 +03:00 [INF] === ScheduledChecks BAŞLADI ===
2026-08-02 14:41:04.770 +03:00 [INF] Executed DbCommand (2ms) [Parameters=[], CommandType='"Text"', CommandTimeout='30']
SELECT [s].[Id], [s].[CompanyCode], [s].[EncryptedPassword], [s].[FirmaId], [s].[IsActive], [s].[LastErrorMessage], [s].[LastFailedRunAt], [s].[LastSuccessfulRunAt], [s].[Name], [s].[NotificationEmails], [s].[ScheduleHour], [s].[ScheduleMode], [s].[Username]
FROM [SovosCompanies] AS [s]
WHERE [s].[IsActive] = CAST(1 AS bit)
2026-08-02 14:41:04.772 +03:00 [INF] 🧮 IsDue "Daily" | Id=1 nowHour=14 schedHour=22 lastDate=2026-07-09 nowDate=2026-08-02 → false
2026-08-02 14:41:04.774 +03:00 [INF] 🧮 IsDue "Daily" | Id=2 nowHour=14 schedHour=9 lastDate=2026-08-02 nowDate=2026-08-02 → false
2026-08-02 14:41:04.775 +03:00 [INF] 🧮 IsDue "Manual" | Id=3 nowHour=14 schedHour=9 lastDate=NULL nowDate=2026-08-02 → false
2026-08-02 14:41:04.776 +03:00 [INF] === ScheduledChecks BİTTİ (13ms) ===
2026-08-02 14:42:04.792 +03:00 [INF] === ScheduledChecks BAŞLADI ===
2026-08-02 14:42:04.801 +03:00 [INF] Executed DbCommand (4ms) [Parameters=[], CommandType='"Text"', CommandTimeout='30']
SELECT [s].[Id], [s].[CompanyCode], [s].[EncryptedPassword], [s].[FirmaId], [s].[IsActive], [s].[LastErrorMessage], [s].[LastFailedRunAt], [s].[LastSuccessfulRunAt], [s].[Name], [s].[NotificationEmails], [s].[ScheduleHour], [s].[ScheduleMode], [s].[Username]
FROM [SovosCompanies] AS [s]
WHERE [s].[IsActive] = CAST(1 AS bit)
2026-08-02 14:42:04.802 +03:00 [INF] 🧮 IsDue "Daily" | Id=1 nowHour=14 schedHour=22 lastDate=2026-07-09 nowDate=2026-08-02 → false
2026-08-02 14:42:04.803 +03:00 [INF] 🧮 IsDue "Daily" | Id=2 nowHour=14 schedHour=9 lastDate=2026-08-02 nowDate=2026-08-02 → false
2026-08-02 14:42:04.805 +03:00 [INF] 🧮 IsDue "Manual" | Id=3 nowHour=14 schedHour=9 lastDate=NULL nowDate=2026-08-02 → false
2026-08-02 14:42:04.806 +03:00 [INF] === ScheduledChecks BİTTİ (12ms) ===
2026-08-02 14:43:04.811 +03:00 [INF] === ScheduledChecks BAŞLADI ===
2026-08-02 14:43:04.820 +03:00 [INF] Executed DbCommand (6ms) [Parameters=[], CommandType='"Text"', CommandTimeout='30']
SELECT [s].[Id], [s].[CompanyCode], [s].[EncryptedPassword], [s].[FirmaId], [s].[IsActive], [s].[LastErrorMessage], [s].[LastFailedRunAt], [s].[LastSuccessfulRunAt], [s].[Name], [s].[NotificationEmails], [s].[ScheduleHour], [s].[ScheduleMode], [s].[Username]
FROM [SovosCompanies] AS [s]
WHERE [s].[IsActive] = CAST(1 AS bit)
2026-08-02 14:43:04.821 +03:00 [INF] 🧮 IsDue "Daily" | Id=1 nowHour=14 schedHour=22 lastDate=2026-07-09 nowDate=2026-08-02 → false
2026-08-02 14:43:04.822 +03:00 [INF] 🧮 IsDue "Daily" | Id=2 nowHour=14 schedHour=9 lastDate=2026-08-02 nowDate=2026-08-02 → false
2026-08-02 14:43:04.823 +03:00 [INF] 🧮 IsDue "Manual" | Id=3 nowHour=14 schedHour=9 lastDate=NULL nowDate=2026-08-02 → false
2026-08-02 14:43:04.824 +03:00 [INF] === ScheduledChecks BİTTİ (11ms) ===
2026-08-02 14:44:04.834 +03:00 [INF] === ScheduledChecks BAŞLADI ===
2026-08-02 14:44:04.843 +03:00 [INF] Executed DbCommand (5ms) [Parameters=[], CommandType='"Text"', CommandTimeout='30']
SELECT [s].[Id], [s].[CompanyCode], [s].[EncryptedPassword], [s].[FirmaId], [s].[IsActive], [s].[LastErrorMessage], [s].[LastFailedRunAt], [s].[LastSuccessfulRunAt], [s].[Name], [s].[NotificationEmails], [s].[ScheduleHour], [s].[ScheduleMode], [s].[Username]
FROM [SovosCompanies] AS [s]
WHERE [s].[IsActive] = CAST(1 AS bit)
2026-08-02 14:44:04.849 +03:00 [INF] 🧮 IsDue "Daily" | Id=1 nowHour=14 schedHour=22 lastDate=2026-07-09 nowDate=2026-08-02 → false
2026-08-02 14:44:04.850 +03:00 [INF] 🧮 IsDue "Daily" | Id=2 nowHour=14 schedHour=9 lastDate=2026-08-02 nowDate=2026-08-02 → false
2026-08-02 14:44:04.851 +03:00 [INF] 🧮 IsDue "Manual" | Id=3 nowHour=14 schedHour=9 lastDate=NULL nowDate=2026-08-02 → false
2026-08-02 14:44:04.852 +03:00 [INF] === ScheduledChecks BİTTİ (17ms) ===
2026-08-02 14:45:04.864 +03:00 [INF] === ScheduledChecks BAŞLADI ===
2026-08-02 14:45:04.900 +03:00 [INF] Executed DbCommand (32ms) [Parameters=[], CommandType='"Text"', CommandTimeout='30']
SELECT [s].[Id], [s].[CompanyCode], [s].[EncryptedPassword], [s].[FirmaId], [s].[IsActive], [s].[LastErrorMessage], [s].[LastFailedRunAt], [s].[LastSuccessfulRunAt], [s].[Name], [s].[NotificationEmails], [s].[ScheduleHour], [s].[ScheduleMode], [s].[Username]
FROM [SovosCompanies] AS [s]
WHERE [s].[IsActive] = CAST(1 AS bit)
2026-08-02 14:45:04.902 +03:00 [INF] 🧮 IsDue "Daily" | Id=1 nowHour=14 schedHour=22 lastDate=2026-07-09 nowDate=2026-08-02 → false
2026-08-02 14:45:04.903 +03:00 [INF] 🧮 IsDue "Daily" | Id=2 nowHour=14 schedHour=9 lastDate=2026-08-02 nowDate=2026-08-02 → false
2026-08-02 14:45:04.904 +03:00 [INF] 🧮 IsDue "Manual" | Id=3 nowHour=14 schedHour=9 lastDate=NULL nowDate=2026-08-02 → false
2026-08-02 14:45:04.905 +03:00 [INF] === ScheduledChecks BİTTİ (39ms) ===
2026-08-02 14:46:04.917 +03:00 [INF] === ScheduledChecks BAŞLADI ===
2026-08-02 14:46:04.926 +03:00 [INF] Executed DbCommand (4ms) [Parameters=[], CommandType='"Text"', CommandTimeout='30']
SELECT [s].[Id], [s].[CompanyCode], [s].[EncryptedPassword], [s].[FirmaId], [s].[IsActive], [s].[LastErrorMessage], [s].[LastFailedRunAt], [s].[LastSuccessfulRunAt], [s].[Name], [s].[NotificationEmails], [s].[ScheduleHour], [s].[ScheduleMode], [s].[Username]
FROM [SovosCompanies] AS [s]
WHERE [s].[IsActive] = CAST(1 AS bit)
2026-08-02 14:46:04.935 +03:00 [INF] 🧮 IsDue "Daily" | Id=1 nowHour=14 schedHour=22 lastDate=2026-07-09 nowDate=2026-08-02 → false
2026-08-02 14:46:04.938 +03:00 [INF] 🧮 IsDue "Daily" | Id=2 nowHour=14 schedHour=9 lastDate=2026-08-02 nowDate=2026-08-02 → false
2026-08-02 14:46:04.940 +03:00 [INF] 🧮 IsDue "Manual" | Id=3 nowHour=14 schedHour=9 lastDate=NULL nowDate=2026-08-02 → false
2026-08-02 14:46:04.943 +03:00 [INF] === ScheduledChecks BİTTİ (25ms) ===
2026-08-02 14:47:04.953 +03:00 [INF] === ScheduledChecks BAŞLADI ===
2026-08-02 14:47:04.961 +03:00 [INF] Executed DbCommand (2ms) [Parameters=[], CommandType='"Text"', CommandTimeout='30']
SELECT [s].[Id], [s].[CompanyCode], [s].[EncryptedPassword], [s].[FirmaId], [s].[IsActive], [s].[LastErrorMessage], [s].[LastFailedRunAt], [s].[LastSuccessfulRunAt], [s].[Name], [s].[NotificationEmails], [s].[ScheduleHour], [s].[ScheduleMode], [s].[Username]
FROM [SovosCompanies] AS [s]
WHERE [s].[IsActive] = CAST(1 AS bit)
2026-08-02 14:47:04.962 +03:00 [INF] 🧮 IsDue "Daily" | Id=1 nowHour=14 schedHour=22 lastDate=2026-07-09 nowDate=2026-08-02 → false
2026-08-02 14:47:04.963 +03:00 [INF] 🧮 IsDue "Daily" | Id=2 nowHour=14 schedHour=9 lastDate=2026-08-02 nowDate=2026-08-02 → false
2026-08-02 14:47:04.964 +03:00 [INF] 🧮 IsDue "Manual" | Id=3 nowHour=14 schedHour=9 lastDate=NULL nowDate=2026-08-02 → false
2026-08-02 14:47:04.965 +03:00 [INF] === ScheduledChecks BİTTİ (11ms) ===
2026-08-02 14:48:04.958 +03:00 [INF] === ScheduledChecks BAŞLADI ===
2026-08-02 14:48:04.963 +03:00 [INF] Executed DbCommand (3ms) [Parameters=[], CommandType='"Text"', CommandTimeout='30']
SELECT [s].[Id], [s].[CompanyCode], [s].[EncryptedPassword], [s].[FirmaId], [s].[IsActive], [s].[LastErrorMessage], [s].[LastFailedRunAt], [s].[LastSuccessfulRunAt], [s].[Name], [s].[NotificationEmails], [s].[ScheduleHour], [s].[ScheduleMode], [s].[Username]
FROM [SovosCompanies] AS [s]
WHERE [s].[IsActive] = CAST(1 AS bit)
2026-08-02 14:48:04.964 +03:00 [INF] 🧮 IsDue "Daily" | Id=1 nowHour=14 schedHour=22 lastDate=2026-07-09 nowDate=2026-08-02 → false
2026-08-02 14:48:04.966 +03:00 [INF] 🧮 IsDue "Daily" | Id=2 nowHour=14 schedHour=9 lastDate=2026-08-02 nowDate=2026-08-02 → false
2026-08-02 14:48:04.967 +03:00 [INF] 🧮 IsDue "Manual" | Id=3 nowHour=14 schedHour=9 lastDate=NULL nowDate=2026-08-02 → false
2026-08-02 14:48:04.968 +03:00 [INF] === ScheduledChecks BİTTİ (8ms) ===
2026-08-02 14:49:04.971 +03:00 [INF] === ScheduledChecks BAŞLADI ===
2026-08-02 14:49:04.979 +03:00 [INF] Executed DbCommand (3ms) [Parameters=[], CommandType='"Text"', CommandTimeout='30']
SELECT [s].[Id], [s].[CompanyCode], [s].[EncryptedPassword], [s].[FirmaId], [s].[IsActive], [s].[LastErrorMessage], [s].[LastFailedRunAt], [s].[LastSuccessfulRunAt], [s].[Name], [s].[NotificationEmails], [s].[ScheduleHour], [s].[ScheduleMode], [s].[Username]
FROM [SovosCompanies] AS [s]
WHERE [s].[IsActive] = CAST(1 AS bit)
2026-08-02 14:49:04.980 +03:00 [INF] 🧮 IsDue "Daily" | Id=1 nowHour=14 schedHour=22 lastDate=2026-07-09 nowDate=2026-08-02 → false
2026-08-02 14:49:04.981 +03:00 [INF] 🧮 IsDue "Daily" | Id=2 nowHour=14 schedHour=9 lastDate=2026-08-02 nowDate=2026-08-02 → false
2026-08-02 14:49:04.982 +03:00 [INF] 🧮 IsDue "Manual" | Id=3 nowHour=14 schedHour=9 lastDate=NULL nowDate=2026-08-02 → false
2026-08-02 14:49:04.983 +03:00 [INF] === ScheduledChecks BİTTİ (11ms) ===
2026-08-02 14:50:04.992 +03:00 [INF] === ScheduledChecks BAŞLADI ===
2026-08-02 14:50:05.008 +03:00 [INF] Executed DbCommand (14ms) [Parameters=[], CommandType='"Text"', CommandTimeout='30']
SELECT [s].[Id], [s].[CompanyCode], [s].[EncryptedPassword], [s].[FirmaId], [s].[IsActive], [s].[LastErrorMessage], [s].[LastFailedRunAt], [s].[LastSuccessfulRunAt], [s].[Name], [s].[NotificationEmails], [s].[ScheduleHour], [s].[ScheduleMode], [s].[Username]
FROM [SovosCompanies] AS [s]
WHERE [s].[IsActive] = CAST(1 AS bit)
2026-08-02 14:50:05.010 +03:00 [INF] 🧮 IsDue "Daily" | Id=1 nowHour=14 schedHour=22 lastDate=2026-07-09 nowDate=2026-08-02 → false
2026-08-02 14:50:05.011 +03:00 [INF] 🧮 IsDue "Daily" | Id=2 nowHour=14 schedHour=9 lastDate=2026-08-02 nowDate=2026-08-02 → false
2026-08-02 14:50:05.012 +03:00 [INF] 🧮 IsDue "Manual" | Id=3 nowHour=14 schedHour=9 lastDate=NULL nowDate=2026-08-02 → false
2026-08-02 14:50:05.013 +03:00 [INF] === ScheduledChecks BİTTİ (20ms) ===
2026-08-02 14:51:05.025 +03:00 [INF] === ScheduledChecks BAŞLADI ===
2026-08-02 14:51:05.034 +03:00 [INF] Executed DbCommand (7ms) [Parameters=[], CommandType='"Text"', CommandTimeout='30']
SELECT [s].[Id], [s].[CompanyCode], [s].[EncryptedPassword], [s].[FirmaId], [s].[IsActive], [s].[LastErrorMessage], [s].[LastFailedRunAt], [s].[LastSuccessfulRunAt], [s].[Name], [s].[NotificationEmails], [s].[ScheduleHour], [s].[ScheduleMode], [s].[Username]
FROM [SovosCompanies] AS [s]
WHERE [s].[IsActive] = CAST(1 AS bit)
2026-08-02 14:51:05.035 +03:00 [INF] 🧮 IsDue "Daily" | Id=1 nowHour=14 schedHour=22 lastDate=2026-07-09 nowDate=2026-08-02 → false
2026-08-02 14:51:05.037 +03:00 [INF] 🧮 IsDue "Daily" | Id=2 nowHour=14 schedHour=9 lastDate=2026-08-02 nowDate=2026-08-02 → false
2026-08-02 14:51:05.038 +03:00 [INF] 🧮 IsDue "Manual" | Id=3 nowHour=14 schedHour=9 lastDate=NULL nowDate=2026-08-02 → false
2026-08-02 14:51:05.040 +03:00 [INF] === ScheduledChecks BİTTİ (14ms) ===
2026-08-02 14:52:05.050 +03:00 [INF] === ScheduledChecks BAŞLADI ===
2026-08-02 14:52:05.055 +03:00 [INF] Executed DbCommand (3ms) [Parameters=[], CommandType='"Text"', CommandTimeout='30']
SELECT [s].[Id], [s].[CompanyCode], [s].[EncryptedPassword], [s].[FirmaId], [s].[IsActive], [s].[LastErrorMessage], [s].[LastFailedRunAt], [s].[LastSuccessfulRunAt], [s].[Name], [s].[NotificationEmails], [s].[ScheduleHour], [s].[ScheduleMode], [s].[Username]
FROM [SovosCompanies] AS [s]
WHERE [s].[IsActive] = CAST(1 AS bit)
2026-08-02 14:52:05.058 +03:00 [INF] 🧮 IsDue "Daily" | Id=1 nowHour=14 schedHour=22 lastDate=2026-07-09 nowDate=2026-08-02 → false
2026-08-02 14:52:05.059 +03:00 [INF] 🧮 IsDue "Daily" | Id=2 nowHour=14 schedHour=9 lastDate=2026-08-02 nowDate=2026-08-02 → false
2026-08-02 14:52:05.060 +03:00 [INF] 🧮 IsDue "Manual" | Id=3 nowHour=14 schedHour=9 lastDate=NULL nowDate=2026-08-02 → false
2026-08-02 14:52:05.061 +03:00 [INF] === ScheduledChecks BİTTİ (9ms) ===
2026-08-02 14:53:05.059 +03:00 [INF] === ScheduledChecks BAŞLADI ===
2026-08-02 14:53:05.066 +03:00 [INF] Executed DbCommand (4ms) [Parameters=[], CommandType='"Text"', CommandTimeout='30']
SELECT [s].[Id], [s].[CompanyCode], [s].[EncryptedPassword], [s].[FirmaId], [s].[IsActive], [s].[LastErrorMessage], [s].[LastFailedRunAt], [s].[LastSuccessfulRunAt], [s].[Name], [s].[NotificationEmails], [s].[ScheduleHour], [s].[ScheduleMode], [s].[Username]
FROM [SovosCompanies] AS [s]
WHERE [s].[IsActive] = CAST(1 AS bit)
2026-08-02 14:53:05.067 +03:00 [INF] 🧮 IsDue "Daily" | Id=1 nowHour=14 schedHour=22 lastDate=2026-07-09 nowDate=2026-08-02 → false
2026-08-02 14:53:05.068 +03:00 [INF] 🧮 IsDue "Daily" | Id=2 nowHour=14 schedHour=9 lastDate=2026-08-02 nowDate=2026-08-02 → false
2026-08-02 14:53:05.069 +03:00 [INF] 🧮 IsDue "Manual" | Id=3 nowHour=14 schedHour=9 lastDate=NULL nowDate=2026-08-02 → false
2026-08-02 14:53:05.070 +03:00 [INF] === ScheduledChecks BİTTİ (10ms) ===
2026-08-02 14:54:05.077 +03:00 [INF] === ScheduledChecks BAŞLADI ===
2026-08-02 14:54:05.083 +03:00 [INF] Executed DbCommand (3ms) [Parameters=[], CommandType='"Text"', CommandTimeout='30']
SELECT [s].[Id], [s].[CompanyCode], [s].[EncryptedPassword], [s].[FirmaId], [s].[IsActive], [s].[LastErrorMessage], [s].[LastFailedRunAt], [s].[LastSuccessfulRunAt], [s].[Name], [s].[NotificationEmails], [s].[ScheduleHour], [s].[ScheduleMode], [s].[Username]
FROM [SovosCompanies] AS [s]
WHERE [s].[IsActive] = CAST(1 AS bit)
2026-08-02 14:54:05.084 +03:00 [INF] 🧮 IsDue "Daily" | Id=1 nowHour=14 schedHour=22 lastDate=2026-07-09 nowDate=2026-08-02 → false
2026-08-02 14:54:05.085 +03:00 [INF] 🧮 IsDue "Daily" | Id=2 nowHour=14 schedHour=9 lastDate=2026-08-02 nowDate=2026-08-02 → false
2026-08-02 14:54:05.086 +03:00 [INF] 🧮 IsDue "Manual" | Id=3 nowHour=14 schedHour=9 lastDate=NULL nowDate=2026-08-02 → false
2026-08-02 14:54:05.087 +03:00 [INF] === ScheduledChecks BİTTİ (9ms) ===
2026-08-02 14:55:05.094 +03:00 [INF] === ScheduledChecks BAŞLADI ===
2026-08-02 14:55:05.101 +03:00 [INF] Executed DbCommand (3ms) [Parameters=[], CommandType='"Text"', CommandTimeout='30']
SELECT [s].[Id], [s].[CompanyCode], [s].[EncryptedPassword], [s].[FirmaId], [s].[IsActive], [s].[LastErrorMessage], [s].[LastFailedRunAt], [s].[LastSuccessfulRunAt], [s].[Name], [s].[NotificationEmails], [s].[ScheduleHour], [s].[ScheduleMode], [s].[Username]
FROM [SovosCompanies] AS [s]
WHERE [s].[IsActive] = CAST(1 AS bit)
2026-08-02 14:55:05.102 +03:00 [INF] 🧮 IsDue "Daily" | Id=1 nowHour=14 schedHour=22 lastDate=2026-07-09 nowDate=2026-08-02 → false
2026-08-02 14:55:05.103 +03:00 [INF] 🧮 IsDue "Daily" | Id=2 nowHour=14 schedHour=9 lastDate=2026-08-02 nowDate=2026-08-02 → false
2026-08-02 14:55:05.104 +03:00 [INF] 🧮 IsDue "Manual" | Id=3 nowHour=14 schedHour=9 lastDate=NULL nowDate=2026-08-02 → false
2026-08-02 14:55:05.105 +03:00 [INF] === ScheduledChecks BİTTİ (9ms) ===
2026-08-02 14:56:05.102 +03:00 [INF] === ScheduledChecks BAŞLADI ===
2026-08-02 14:56:05.108 +03:00 [INF] Executed DbCommand (4ms) [Parameters=[], CommandType='"Text"', CommandTimeout='30']
SELECT [s].[Id], [s].[CompanyCode], [s].[EncryptedPassword], [s].[FirmaId], [s].[IsActive], [s].[LastErrorMessage], [s].[LastFailedRunAt], [s].[LastSuccessfulRunAt], [s].[Name], [s].[NotificationEmails], [s].[ScheduleHour], [s].[ScheduleMode], [s].[Username]
FROM [SovosCompanies] AS [s]
WHERE [s].[IsActive] = CAST(1 AS bit)
2026-08-02 14:56:05.110 +03:00 [INF] 🧮 IsDue "Daily" | Id=1 nowHour=14 schedHour=22 lastDate=2026-07-09 nowDate=2026-08-02 → false
2026-08-02 14:56:05.111 +03:00 [INF] 🧮 IsDue "Daily" | Id=2 nowHour=14 schedHour=9 lastDate=2026-08-02 nowDate=2026-08-02 → false
2026-08-02 14:56:05.112 +03:00 [INF] 🧮 IsDue "Manual" | Id=3 nowHour=14 schedHour=9 lastDate=NULL nowDate=2026-08-02 → false
2026-08-02 14:56:05.113 +03:00 [INF] === ScheduledChecks BİTTİ (9ms) ===
2026-08-02 14:57:05.117 +03:00 [INF] === ScheduledChecks BAŞLADI ===
2026-08-02 14:57:05.125 +03:00 [INF] Executed DbCommand (5ms) [Parameters=[], CommandType='"Text"', CommandTimeout='30']
SELECT [s].[Id], [s].[CompanyCode], [s].[EncryptedPassword], [s].[FirmaId], [s].[IsActive], [s].[LastErrorMessage], [s].[LastFailedRunAt], [s].[LastSuccessfulRunAt], [s].[Name], [s].[NotificationEmails], [s].[ScheduleHour], [s].[ScheduleMode], [s].[Username]
FROM [SovosCompanies] AS [s]
WHERE [s].[IsActive] = CAST(1 AS bit)
2026-08-02 14:57:05.126 +03:00 [INF] 🧮 IsDue "Daily" | Id=1 nowHour=14 schedHour=22 lastDate=2026-07-09 nowDate=2026-08-02 → false
2026-08-02 14:57:05.127 +03:00 [INF] 🧮 IsDue "Daily" | Id=2 nowHour=14 schedHour=9 lastDate=2026-08-02 nowDate=2026-08-02 → false
2026-08-02 14:57:05.128 +03:00 [INF] 🧮 IsDue "Manual" | Id=3 nowHour=14 schedHour=9 lastDate=NULL nowDate=2026-08-02 → false
2026-08-02 14:57:05.129 +03:00 [INF] === ScheduledChecks BİTTİ (11ms) ===
2026-08-02 14:58:05.144 +03:00 [INF] === ScheduledChecks BAŞLADI ===
2026-08-02 14:58:05.151 +03:00 [INF] Executed DbCommand (3ms) [Parameters=[], CommandType='"Text"', CommandTimeout='30']
SELECT [s].[Id], [s].[CompanyCode], [s].[EncryptedPassword], [s].[FirmaId], [s].[IsActive], [s].[LastErrorMessage], [s].[LastFailedRunAt], [s].[LastSuccessfulRunAt], [s].[Name], [s].[NotificationEmails], [s].[ScheduleHour], [s].[ScheduleMode], [s].[Username]
FROM [SovosCompanies] AS [s]
WHERE [s].[IsActive] = CAST(1 AS bit)
2026-08-02 14:58:05.152 +03:00 [INF] 🧮 IsDue "Daily" | Id=1 nowHour=14 schedHour=22 lastDate=2026-07-09 nowDate=2026-08-02 → false
2026-08-02 14:58:05.153 +03:00 [INF] 🧮 IsDue "Daily" | Id=2 nowHour=14 schedHour=9 lastDate=2026-08-02 nowDate=2026-08-02 → false
2026-08-02 14:58:05.154 +03:00 [INF] 🧮 IsDue "Manual" | Id=3 nowHour=14 schedHour=9 lastDate=NULL nowDate=2026-08-02 → false
2026-08-02 14:58:05.155 +03:00 [INF] === ScheduledChecks BİTTİ (10ms) ===
2026-08-02 14:59:05.160 +03:00 [INF] === ScheduledChecks BAŞLADI ===
2026-08-02 14:59:05.167 +03:00 [INF] Executed DbCommand (3ms) [Parameters=[], CommandType='"Text"', CommandTimeout='30']
SELECT [s].[Id], [s].[CompanyCode], [s].[EncryptedPassword], [s].[FirmaId], [s].[IsActive], [s].[LastErrorMessage], [s].[LastFailedRunAt], [s].[LastSuccessfulRunAt], [s].[Name], [s].[NotificationEmails], [s].[ScheduleHour], [s].[ScheduleMode], [s].[Username]
FROM [SovosCompanies] AS [s]
WHERE [s].[IsActive] = CAST(1 AS bit)
2026-08-02 14:59:05.169 +03:00 [INF] 🧮 IsDue "Daily" | Id=1 nowHour=14 schedHour=22 lastDate=2026-07-09 nowDate=2026-08-02 → false
2026-08-02 14:59:05.170 +03:00 [INF] 🧮 IsDue "Daily" | Id=2 nowHour=14 schedHour=9 lastDate=2026-08-02 nowDate=2026-08-02 → false
2026-08-02 14:59:05.171 +03:00 [INF] 🧮 IsDue "Manual" | Id=3 nowHour=14 schedHour=9 lastDate=NULL nowDate=2026-08-02 → false
2026-08-02 14:59:05.171 +03:00 [INF] === ScheduledChecks BİTTİ (10ms) ===
2026-08-02 15:00:05.175 +03:00 [INF] === ScheduledChecks BAŞLADI ===
2026-08-02 15:00:05.183 +03:00 [INF] Executed DbCommand (5ms) [Parameters=[], CommandType='"Text"', CommandTimeout='30']
SELECT [s].[Id], [s].[CompanyCode], [s].[EncryptedPassword], [s].[FirmaId], [s].[IsActive], [s].[LastErrorMessage], [s].[LastFailedRunAt], [s].[LastSuccessfulRunAt], [s].[Name], [s].[NotificationEmails], [s].[ScheduleHour], [s].[ScheduleMode], [s].[Username]
FROM [SovosCompanies] AS [s]
WHERE [s].[IsActive] = CAST(1 AS bit)
2026-08-02 15:00:05.184 +03:00 [INF] 🧮 IsDue "Daily" | Id=1 nowHour=15 schedHour=22 lastDate=2026-07-09 nowDate=2026-08-02 → false
2026-08-02 15:00:05.185 +03:00 [INF] 🧮 IsDue "Daily" | Id=2 nowHour=15 schedHour=9 lastDate=2026-08-02 nowDate=2026-08-02 → false
2026-08-02 15:00:05.186 +03:00 [INF] 🧮 IsDue "Manual" | Id=3 nowHour=15 schedHour=9 lastDate=NULL nowDate=2026-08-02 → false
2026-08-02 15:00:05.187 +03:00 [INF] === ScheduledChecks BİTTİ (11ms) ===
2026-08-02 15:01:05.198 +03:00 [INF] === ScheduledChecks BAŞLADI ===
2026-08-02 15:01:05.204 +03:00 [INF] Executed DbCommand (3ms) [Parameters=[], CommandType='"Text"', CommandTimeout='30']
SELECT [s].[Id], [s].[CompanyCode], [s].[EncryptedPassword], [s].[FirmaId], [s].[IsActive], [s].[LastErrorMessage], [s].[LastFailedRunAt], [s].[LastSuccessfulRunAt], [s].[Name], [s].[NotificationEmails], [s].[ScheduleHour], [s].[ScheduleMode], [s].[Username]
FROM [SovosCompanies] AS [s]
WHERE [s].[IsActive] = CAST(1 AS bit)
2026-08-02 15:01:05.206 +03:00 [INF] 🧮 IsDue "Daily" | Id=1 nowHour=15 schedHour=22 lastDate=2026-07-09 nowDate=2026-08-02 → false
2026-08-02 15:01:05.207 +03:00 [INF] 🧮 IsDue "Daily" | Id=2 nowHour=15 schedHour=9 lastDate=2026-08-02 nowDate=2026-08-02 → false
2026-08-02 15:01:05.208 +03:00 [INF] 🧮 IsDue "Manual" | Id=3 nowHour=15 schedHour=9 lastDate=NULL nowDate=2026-08-02 → false
2026-08-02 15:01:05.209 +03:00 [INF] === ScheduledChecks BİTTİ (10ms) ===
2026-08-02 15:02:05.215 +03:00 [INF] === ScheduledChecks BAŞLADI ===
2026-08-02 15:02:05.219 +03:00 [INF] Executed DbCommand (3ms) [Parameters=[], CommandType='"Text"', CommandTimeout='30']
SELECT [s].[Id], [s].[CompanyCode], [s].[EncryptedPassword], [s].[FirmaId], [s].[IsActive], [s].[LastErrorMessage], [s].[LastFailedRunAt], [s].[LastSuccessfulRunAt], [s].[Name], [s].[NotificationEmails], [s].[ScheduleHour], [s].[ScheduleMode], [s].[Username]
FROM [SovosCompanies] AS [s]
WHERE [s].[IsActive] = CAST(1 AS bit)
2026-08-02 15:02:05.222 +03:00 [INF] 🧮 IsDue "Daily" | Id=1 nowHour=15 schedHour=22 lastDate=2026-07-09 nowDate=2026-08-02 → false
2026-08-02 15:02:05.224 +03:00 [INF] 🧮 IsDue "Daily" | Id=2 nowHour=15 schedHour=9 lastDate=2026-08-02 nowDate=2026-08-02 → false
2026-08-02 15:02:05.225 +03:00 [INF] 🧮 IsDue "Manual" | Id=3 nowHour=15 schedHour=9 lastDate=NULL nowDate=2026-08-02 → false
2026-08-02 15:02:05.226 +03:00 [INF] === ScheduledChecks BİTTİ (10ms) ===
2026-08-02 15:03:05.232 +03:00 [INF] === ScheduledChecks BAŞLADI ===
2026-08-02 15:03:05.239 +03:00 [INF] Executed DbCommand (5ms) [Parameters=[], CommandType='"Text"', CommandTimeout='30']
SELECT [s].[Id], [s].[CompanyCode], [s].[EncryptedPassword], [s].[FirmaId], [s].[IsActive], [s].[LastErrorMessage], [s].[LastFailedRunAt], [s].[LastSuccessfulRunAt], [s].[Name], [s].[NotificationEmails], [s].[ScheduleHour], [s].[ScheduleMode], [s].[Username]
FROM [SovosCompanies] AS [s]
WHERE [s].[IsActive] = CAST(1 AS bit)
2026-08-02 15:03:05.241 +03:00 [INF] 🧮 IsDue "Daily" | Id=1 nowHour=15 schedHour=22 lastDate=2026-07-09 nowDate=2026-08-02 → false
2026-08-02 15:03:05.242 +03:00 [INF] 🧮 IsDue "Daily" | Id=2 nowHour=15 schedHour=9 lastDate=2026-08-02 nowDate=2026-08-02 → false
2026-08-02 15:03:05.243 +03:00 [INF] 🧮 IsDue "Manual" | Id=3 nowHour=15 schedHour=9 lastDate=NULL nowDate=2026-08-02 → false
2026-08-02 15:03:05.244 +03:00 [INF] === ScheduledChecks BİTTİ (11ms) ===
2026-08-02 15:04:05.246 +03:00 [INF] === ScheduledChecks BAŞLADI ===
2026-08-02 15:04:05.257 +03:00 [INF] Executed DbCommand (4ms) [Parameters=[], CommandType='"Text"', CommandTimeout='30']
SELECT [s].[Id], [s].[CompanyCode], [s].[EncryptedPassword], [s].[FirmaId], [s].[IsActive], [s].[LastErrorMessage], [s].[LastFailedRunAt], [s].[LastSuccessfulRunAt], [s].[Name], [s].[NotificationEmails], [s].[ScheduleHour], [s].[ScheduleMode], [s].[Username]
FROM [SovosCompanies] AS [s]
WHERE [s].[IsActive] = CAST(1 AS bit)
2026-08-02 15:04:05.259 +03:00 [INF] 🧮 IsDue "Daily" | Id=1 nowHour=15 schedHour=22 lastDate=2026-07-09 nowDate=2026-08-02 → false
2026-08-02 15:04:05.260 +03:00 [INF] 🧮 IsDue "Daily" | Id=2 nowHour=15 schedHour=9 lastDate=2026-08-02 nowDate=2026-08-02 → false
2026-08-02 15:04:05.262 +03:00 [INF] 🧮 IsDue "Manual" | Id=3 nowHour=15 schedHour=9 lastDate=NULL nowDate=2026-08-02 → false
2026-08-02 15:04:05.264 +03:00 [INF] === ScheduledChecks BİTTİ (16ms) ===
2026-08-02 15:05:05.275 +03:00 [INF] === ScheduledChecks BAŞLADI ===
2026-08-02 15:05:05.282 +03:00 [INF] Executed DbCommand (5ms) [Parameters=[], CommandType='"Text"', CommandTimeout='30']
SELECT [s].[Id], [s].[CompanyCode], [s].[EncryptedPassword], [s].[FirmaId], [s].[IsActive], [s].[LastErrorMessage], [s].[LastFailedRunAt], [s].[LastSuccessfulRunAt], [s].[Name], [s].[NotificationEmails], [s].[ScheduleHour], [s].[ScheduleMode], [s].[Username]
FROM [SovosCompanies] AS [s]
WHERE [s].[IsActive] = CAST(1 AS bit)
2026-08-02 15:05:05.283 +03:00 [INF] 🧮 IsDue "Daily" | Id=1 nowHour=15 schedHour=22 lastDate=2026-07-09 nowDate=2026-08-02 → false
2026-08-02 15:05:05.284 +03:00 [INF] 🧮 IsDue "Daily" | Id=2 nowHour=15 schedHour=9 lastDate=2026-08-02 nowDate=2026-08-02 → false
2026-08-02 15:05:05.285 +03:00 [INF] 🧮 IsDue "Manual" | Id=3 nowHour=15 schedHour=9 lastDate=NULL nowDate=2026-08-02 → false
2026-08-02 15:05:05.286 +03:00 [INF] === ScheduledChecks BİTTİ (10ms) ===
2026-08-02 15:06:05.300 +03:00 [INF] === ScheduledChecks BAŞLADI ===
2026-08-02 15:06:05.307 +03:00 [INF] Executed DbCommand (4ms) [Parameters=[], CommandType='"Text"', CommandTimeout='30']
SELECT [s].[Id], [s].[CompanyCode], [s].[EncryptedPassword], [s].[FirmaId], [s].[IsActive], [s].[LastErrorMessage], [s].[LastFailedRunAt], [s].[LastSuccessfulRunAt], [s].[Name], [s].[NotificationEmails], [s].[ScheduleHour], [s].[ScheduleMode], [s].[Username]
FROM [SovosCompanies] AS [s]
WHERE [s].[IsActive] = CAST(1 AS bit)
2026-08-02 15:06:05.312 +03:00 [INF] 🧮 IsDue "Daily" | Id=1 nowHour=15 schedHour=22 lastDate=2026-07-09 nowDate=2026-08-02 → false
2026-08-02 15:06:05.313 +03:00 [INF] 🧮 IsDue "Daily" | Id=2 nowHour=15 schedHour=9 lastDate=2026-08-02 nowDate=2026-08-02 → false
2026-08-02 15:06:05.314 +03:00 [INF] 🧮 IsDue "Manual" | Id=3 nowHour=15 schedHour=9 lastDate=NULL nowDate=2026-08-02 → false
2026-08-02 15:06:05.315 +03:00 [INF] === ScheduledChecks BİTTİ (14ms) ===
2026-08-02 15:07:05.325 +03:00 [INF] === ScheduledChecks BAŞLADI ===
2026-08-02 15:07:05.329 +03:00 [INF] Executed DbCommand (3ms) [Parameters=[], CommandType='"Text"', CommandTimeout='30']
SELECT [s].[Id], [s].[CompanyCode], [s].[EncryptedPassword], [s].[FirmaId], [s].[IsActive], [s].[LastErrorMessage], [s].[LastFailedRunAt], [s].[LastSuccessfulRunAt], [s].[Name], [s].[NotificationEmails], [s].[ScheduleHour], [s].[ScheduleMode], [s].[Username]
FROM [SovosCompanies] AS [s]
WHERE [s].[IsActive] = CAST(1 AS bit)
2026-08-02 15:07:05.330 +03:00 [INF] 🧮 IsDue "Daily" | Id=1 nowHour=15 schedHour=22 lastDate=2026-07-09 nowDate=2026-08-02 → false
2026-08-02 15:07:05.332 +03:00 [INF] 🧮 IsDue "Daily" | Id=2 nowHour=15 schedHour=9 lastDate=2026-08-02 nowDate=2026-08-02 → false
2026-08-02 15:07:05.333 +03:00 [INF] 🧮 IsDue "Manual" | Id=3 nowHour=15 schedHour=9 lastDate=NULL nowDate=2026-08-02 → false
2026-08-02 15:07:05.334 +03:00 [INF] === ScheduledChecks BİTTİ (8ms) ===
2026-08-02 15:08:05.345 +03:00 [INF] === ScheduledChecks BAŞLADI ===
2026-08-02 15:08:05.565 +03:00 [INF] Executed DbCommand (217ms) [Parameters=[], CommandType='"Text"', CommandTimeout='30']
SELECT [s].[Id], [s].[CompanyCode], [s].[EncryptedPassword], [s].[FirmaId], [s].[IsActive], [s].[LastErrorMessage], [s].[LastFailedRunAt], [s].[LastSuccessfulRunAt], [s].[Name], [s].[NotificationEmails], [s].[ScheduleHour], [s].[ScheduleMode], [s].[Username]
FROM [SovosCompanies] AS [s]
WHERE [s].[IsActive] = CAST(1 AS bit)
2026-08-02 15:08:05.567 +03:00 [INF] 🧮 IsDue "Daily" | Id=1 nowHour=15 schedHour=22 lastDate=2026-07-09 nowDate=2026-08-02 → false
2026-08-02 15:08:05.568 +03:00 [INF] 🧮 IsDue "Daily" | Id=2 nowHour=15 schedHour=9 lastDate=2026-08-02 nowDate=2026-08-02 → false
2026-08-02 15:08:05.570 +03:00 [INF] 🧮 IsDue "Manual" | Id=3 nowHour=15 schedHour=9 lastDate=NULL nowDate=2026-08-02 → false
2026-08-02 15:08:05.571 +03:00 [INF] === ScheduledChecks BİTTİ (224ms) ===
2026-08-02 15:09:05.574 +03:00 [INF] === ScheduledChecks BAŞLADI ===
2026-08-02 15:09:05.583 +03:00 [INF] Executed DbCommand (6ms) [Parameters=[], CommandType='"Text"', CommandTimeout='30']
SELECT [s].[Id], [s].[CompanyCode], [s].[EncryptedPassword], [s].[FirmaId], [s].[IsActive], [s].[LastErrorMessage], [s].[LastFailedRunAt], [s].[LastSuccessfulRunAt], [s].[Name], [s].[NotificationEmails], [s].[ScheduleHour], [s].[ScheduleMode], [s].[Username]
FROM [SovosCompanies] AS [s]
WHERE [s].[IsActive] = CAST(1 AS bit)
2026-08-02 15:09:05.585 +03:00 [INF] 🧮 IsDue "Daily" | Id=1 nowHour=15 schedHour=22 lastDate=2026-07-09 nowDate=2026-08-02 → false
2026-08-02 15:09:05.586 +03:00 [INF] 🧮 IsDue "Daily" | Id=2 nowHour=15 schedHour=9 lastDate=2026-08-02 nowDate=2026-08-02 → false
2026-08-02 15:09:05.587 +03:00 [INF] 🧮 IsDue "Manual" | Id=3 nowHour=15 schedHour=9 lastDate=NULL nowDate=2026-08-02 → false
2026-08-02 15:09:05.589 +03:00 [INF] === ScheduledChecks BİTTİ (13ms) ===
2026-08-02 15:10:05.596 +03:00 [INF] === ScheduledChecks BAŞLADI ===
2026-08-02 15:10:05.602 +03:00 [INF] Executed DbCommand (4ms) [Parameters=[], CommandType='"Text"', CommandTimeout='30']
SELECT [s].[Id], [s].[CompanyCode], [s].[EncryptedPassword], [s].[FirmaId], [s].[IsActive], [s].[LastErrorMessage], [s].[LastFailedRunAt], [s].[LastSuccessfulRunAt], [s].[Name], [s].[NotificationEmails], [s].[ScheduleHour], [s].[ScheduleMode], [s].[Username]
FROM [SovosCompanies] AS [s]
WHERE [s].[IsActive] = CAST(1 AS bit)
2026-08-02 15:10:05.604 +03:00 [INF] 🧮 IsDue "Daily" | Id=1 nowHour=15 schedHour=22 lastDate=2026-07-09 nowDate=2026-08-02 → false
2026-08-02 15:10:05.606 +03:00 [INF] 🧮 IsDue "Daily" | Id=2 nowHour=15 schedHour=9 lastDate=2026-08-02 nowDate=2026-08-02 → false
2026-08-02 15:10:05.608 +03:00 [INF] 🧮 IsDue "Manual" | Id=3 nowHour=15 schedHour=9 lastDate=NULL nowDate=2026-08-02 → false
2026-08-02 15:10:05.610 +03:00 [INF] === ScheduledChecks BİTTİ (12ms) ===
2026-08-02 15:11:05.624 +03:00 [INF] === ScheduledChecks BAŞLADI ===
2026-08-02 15:11:05.630 +03:00 [INF] Executed DbCommand (4ms) [Parameters=[], CommandType='"Text"', CommandTimeout='30']
SELECT [s].[Id], [s].[CompanyCode], [s].[EncryptedPassword], [s].[FirmaId], [s].[IsActive], [s].[LastErrorMessage], [s].[LastFailedRunAt], [s].[LastSuccessfulRunAt], [s].[Name], [s].[NotificationEmails], [s].[ScheduleHour], [s].[ScheduleMode], [s].[Username]
FROM [SovosCompanies] AS [s]
WHERE [s].[IsActive] = CAST(1 AS bit)
2026-08-02 15:11:05.635 +03:00 [INF] 🧮 IsDue "Daily" | Id=1 nowHour=15 schedHour=22 lastDate=2026-07-09 nowDate=2026-08-02 → false
2026-08-02 15:11:05.636 +03:00 [INF] 🧮 IsDue "Daily" | Id=2 nowHour=15 schedHour=9 lastDate=2026-08-02 nowDate=2026-08-02 → false
2026-08-02 15:11:05.637 +03:00 [INF] 🧮 IsDue "Manual" | Id=3 nowHour=15 schedHour=9 lastDate=NULL nowDate=2026-08-02 → false
2026-08-02 15:11:05.638 +03:00 [INF] === ScheduledChecks BİTTİ (13ms) ===
2026-08-02 15:12:05.638 +03:00 [INF] === ScheduledChecks BAŞLADI ===
2026-08-02 15:12:05.706 +03:00 [INF] Executed DbCommand (63ms) [Parameters=[], CommandType='"Text"', CommandTimeout='30']
SELECT [s].[Id], [s].[CompanyCode], [s].[EncryptedPassword], [s].[FirmaId], [s].[IsActive], [s].[LastErrorMessage], [s].[LastFailedRunAt], [s].[LastSuccessfulRunAt], [s].[Name], [s].[NotificationEmails], [s].[ScheduleHour], [s].[ScheduleMode], [s].[Username]
FROM [SovosCompanies] AS [s]
WHERE [s].[IsActive] = CAST(1 AS bit)
2026-08-02 15:12:05.708 +03:00 [INF] 🧮 IsDue "Daily" | Id=1 nowHour=15 schedHour=22 lastDate=2026-07-09 nowDate=2026-08-02 → false
2026-08-02 15:12:05.709 +03:00 [INF] 🧮 IsDue "Daily" | Id=2 nowHour=15 schedHour=9 lastDate=2026-08-02 nowDate=2026-08-02 → false
2026-08-02 15:12:05.710 +03:00 [INF] 🧮 IsDue "Manual" | Id=3 nowHour=15 schedHour=9 lastDate=NULL nowDate=2026-08-02 → false
2026-08-02 15:12:05.711 +03:00 [INF] === ScheduledChecks BİTTİ (71ms) ===
2026-08-02 15:13:05.712 +03:00 [INF] === ScheduledChecks BAŞLADI ===
2026-08-02 15:13:05.719 +03:00 [INF] Executed DbCommand (3ms) [Parameters=[], CommandType='"Text"', CommandTimeout='30']
SELECT [s].[Id], [s].[CompanyCode], [s].[EncryptedPassword], [s].[FirmaId], [s].[IsActive], [s].[LastErrorMessage], [s].[LastFailedRunAt], [s].[LastSuccessfulRunAt], [s].[Name], [s].[NotificationEmails], [s].[ScheduleHour], [s].[ScheduleMode], [s].[Username]
FROM [SovosCompanies] AS [s]
WHERE [s].[IsActive] = CAST(1 AS bit)
2026-08-02 15:13:05.721 +03:00 [INF] 🧮 IsDue "Daily" | Id=1 nowHour=15 schedHour=22 lastDate=2026-07-09 nowDate=2026-08-02 → false
2026-08-02 15:13:05.722 +03:00 [INF] 🧮 IsDue "Daily" | Id=2 nowHour=15 schedHour=9 lastDate=2026-08-02 nowDate=2026-08-02 → false
2026-08-02 15:13:05.723 +03:00 [INF] 🧮 IsDue "Manual" | Id=3 nowHour=15 schedHour=9 lastDate=NULL nowDate=2026-08-02 → false
2026-08-02 15:13:05.723 +03:00 [INF] === ScheduledChecks BİTTİ (10ms) ===
2026-08-02 15:14:05.733 +03:00 [INF] === ScheduledChecks BAŞLADI ===
2026-08-02 15:14:05.740 +03:00 [INF] Executed DbCommand (5ms) [Parameters=[], CommandType='"Text"', CommandTimeout='30']
SELECT [s].[Id], [s].[CompanyCode], [s].[EncryptedPassword], [s].[FirmaId], [s].[IsActive], [s].[LastErrorMessage], [s].[LastFailedRunAt], [s].[LastSuccessfulRunAt], [s].[Name], [s].[NotificationEmails], [s].[ScheduleHour], [s].[ScheduleMode], [s].[Username]
FROM [SovosCompanies] AS [s]
WHERE [s].[IsActive] = CAST(1 AS bit)
2026-08-02 15:14:05.742 +03:00 [INF] 🧮 IsDue "Daily" | Id=1 nowHour=15 schedHour=22 lastDate=2026-07-09 nowDate=2026-08-02 → false
2026-08-02 15:14:05.743 +03:00 [INF] 🧮 IsDue "Daily" | Id=2 nowHour=15 schedHour=9 lastDate=2026-08-02 nowDate=2026-08-02 → false
2026-08-02 15:14:05.744 +03:00 [INF] 🧮 IsDue "Manual" | Id=3 nowHour=15 schedHour=9 lastDate=NULL nowDate=2026-08-02 → false
2026-08-02 15:14:05.746 +03:00 [INF] === ScheduledChecks BİTTİ (12ms) ===
2026-08-02 15:15:05.759 +03:00 [INF] === ScheduledChecks BAŞLADI ===
2026-08-02 15:15:05.765 +03:00 [INF] Executed DbCommand (4ms) [Parameters=[], CommandType='"Text"', CommandTimeout='30']
SELECT [s].[Id], [s].[CompanyCode], [s].[EncryptedPassword], [s].[FirmaId], [s].[IsActive], [s].[LastErrorMessage], [s].[LastFailedRunAt], [s].[LastSuccessfulRunAt], [s].[Name], [s].[NotificationEmails], [s].[ScheduleHour], [s].[ScheduleMode], [s].[Username]
FROM [SovosCompanies] AS [s]
WHERE [s].[IsActive] = CAST(1 AS bit)
2026-08-02 15:15:05.767 +03:00 [INF] 🧮 IsDue "Daily" | Id=1 nowHour=15 schedHour=22 lastDate=2026-07-09 nowDate=2026-08-02 → false
2026-08-02 15:15:05.768 +03:00 [INF] 🧮 IsDue "Daily" | Id=2 nowHour=15 schedHour=9 lastDate=2026-08-02 nowDate=2026-08-02 → false
2026-08-02 15:15:05.769 +03:00 [INF] 🧮 IsDue "Manual" | Id=3 nowHour=15 schedHour=9 lastDate=NULL nowDate=2026-08-02 → false
2026-08-02 15:15:05.770 +03:00 [INF] === ScheduledChecks BİTTİ (10ms) ===
2026-08-02 15:16:05.772 +03:00 [INF] === ScheduledChecks BAŞLADI ===
2026-08-02 15:16:05.779 +03:00 [INF] Executed DbCommand (3ms) [Parameters=[], CommandType='"Text"', CommandTimeout='30']
SELECT [s].[Id], [s].[CompanyCode], [s].[EncryptedPassword], [s].[FirmaId], [s].[IsActive], [s].[LastErrorMessage], [s].[LastFailedRunAt], [s].[LastSuccessfulRunAt], [s].[Name], [s].[NotificationEmails], [s].[ScheduleHour], [s].[ScheduleMode], [s].[Username]
FROM [SovosCompanies] AS [s]
WHERE [s].[IsActive] = CAST(1 AS bit)
2026-08-02 15:16:05.780 +03:00 [INF] 🧮 IsDue "Daily" | Id=1 nowHour=15 schedHour=22 lastDate=2026-07-09 nowDate=2026-08-02 → false
2026-08-02 15:16:05.781 +03:00 [INF] 🧮 IsDue "Daily" | Id=2 nowHour=15 schedHour=9 lastDate=2026-08-02 nowDate=2026-08-02 → false
2026-08-02 15:16:05.782 +03:00 [INF] 🧮 IsDue "Manual" | Id=3 nowHour=15 schedHour=9 lastDate=NULL nowDate=2026-08-02 → false
2026-08-02 15:16:05.783 +03:00 [INF] === ScheduledChecks BİTTİ (10ms) ===
2026-08-02 15:17:05.799 +03:00 [INF] === ScheduledChecks BAŞLADI ===
2026-08-02 15:17:05.807 +03:00 [INF] Executed DbCommand (3ms) [Parameters=[], CommandType='"Text"', CommandTimeout='30']
SELECT [s].[Id], [s].[CompanyCode], [s].[EncryptedPassword], [s].[FirmaId], [s].[IsActive], [s].[LastErrorMessage], [s].[LastFailedRunAt], [s].[LastSuccessfulRunAt], [s].[Name], [s].[NotificationEmails], [s].[ScheduleHour], [s].[ScheduleMode], [s].[Username]
FROM [SovosCompanies] AS [s]
WHERE [s].[IsActive] = CAST(1 AS bit)
2026-08-02 15:17:05.808 +03:00 [INF] 🧮 IsDue "Daily" | Id=1 nowHour=15 schedHour=22 lastDate=2026-07-09 nowDate=2026-08-02 → false
2026-08-02 15:17:05.810 +03:00 [INF] 🧮 IsDue "Daily" | Id=2 nowHour=15 schedHour=9 lastDate=2026-08-02 nowDate=2026-08-02 → false
2026-08-02 15:17:05.811 +03:00 [INF] 🧮 IsDue "Manual" | Id=3 nowHour=15 schedHour=9 lastDate=NULL nowDate=2026-08-02 → false
2026-08-02 15:17:05.812 +03:00 [INF] === ScheduledChecks BİTTİ (12ms) ===
2026-08-02 15:18:05.823 +03:00 [INF] === ScheduledChecks BAŞLADI ===
2026-08-02 15:18:05.857 +03:00 [INF] Executed DbCommand (2ms) [Parameters=[], CommandType='"Text"', CommandTimeout='30']
SELECT [s].[Id], [s].[CompanyCode], [s].[EncryptedPassword], [s].[FirmaId], [s].[IsActive], [s].[LastErrorMessage], [s].[LastFailedRunAt], [s].[LastSuccessfulRunAt], [s].[Name], [s].[NotificationEmails], [s].[ScheduleHour], [s].[ScheduleMode], [s].[Username]
FROM [SovosCompanies] AS [s]
WHERE [s].[IsActive] = CAST(1 AS bit)
2026-08-02 15:18:05.859 +03:00 [INF] 🧮 IsDue "Daily" | Id=1 nowHour=15 schedHour=22 lastDate=2026-07-09 nowDate=2026-08-02 → false
2026-08-02 15:18:05.860 +03:00 [INF] 🧮 IsDue "Daily" | Id=2 nowHour=15 schedHour=9 lastDate=2026-08-02 nowDate=2026-08-02 → false
2026-08-02 15:18:05.861 +03:00 [INF] 🧮 IsDue "Manual" | Id=3 nowHour=15 schedHour=9 lastDate=NULL nowDate=2026-08-02 → false
2026-08-02 15:18:05.862 +03:00 [INF] === ScheduledChecks BİTTİ (38ms) ===
2026-08-02 15:19:05.871 +03:00 [INF] === ScheduledChecks BAŞLADI ===
2026-08-02 15:19:05.877 +03:00 [INF] Executed DbCommand (4ms) [Parameters=[], CommandType='"Text"', CommandTimeout='30']
SELECT [s].[Id], [s].[CompanyCode], [s].[EncryptedPassword], [s].[FirmaId], [s].[IsActive], [s].[LastErrorMessage], [s].[LastFailedRunAt], [s].[LastSuccessfulRunAt], [s].[Name], [s].[NotificationEmails], [s].[ScheduleHour], [s].[ScheduleMode], [s].[Username]
FROM [SovosCompanies] AS [s]
WHERE [s].[IsActive] = CAST(1 AS bit)
2026-08-02 15:19:05.880 +03:00 [INF] 🧮 IsDue "Daily" | Id=1 nowHour=15 schedHour=22 lastDate=2026-07-09 nowDate=2026-08-02 → false
2026-08-02 15:19:05.881 +03:00 [INF] 🧮 IsDue "Daily" | Id=2 nowHour=15 schedHour=9 lastDate=2026-08-02 nowDate=2026-08-02 → false
2026-08-02 15:19:05.882 +03:00 [INF] 🧮 IsDue "Manual" | Id=3 nowHour=15 schedHour=9 lastDate=NULL nowDate=2026-08-02 → false
2026-08-02 15:19:05.883 +03:00 [INF] === ScheduledChecks BİTTİ (10ms) ===
2026-08-02 15:20:05.883 +03:00 [INF] === ScheduledChecks BAŞLADI ===
2026-08-02 15:20:05.888 +03:00 [INF] Executed DbCommand (4ms) [Parameters=[], CommandType='"Text"', CommandTimeout='30']
SELECT [s].[Id], [s].[CompanyCode], [s].[EncryptedPassword], [s].[FirmaId], [s].[IsActive], [s].[LastErrorMessage], [s].[LastFailedRunAt], [s].[LastSuccessfulRunAt], [s].[Name], [s].[NotificationEmails], [s].[ScheduleHour], [s].[ScheduleMode], [s].[Username]
FROM [SovosCompanies] AS [s]
WHERE [s].[IsActive] = CAST(1 AS bit)
2026-08-02 15:20:05.891 +03:00 [INF] 🧮 IsDue "Daily" | Id=1 nowHour=15 schedHour=22 lastDate=2026-07-09 nowDate=2026-08-02 → false
2026-08-02 15:20:05.892 +03:00 [INF] 🧮 IsDue "Daily" | Id=2 nowHour=15 schedHour=9 lastDate=2026-08-02 nowDate=2026-08-02 → false
2026-08-02 15:20:05.893 +03:00 [INF] 🧮 IsDue "Manual" | Id=3 nowHour=15 schedHour=9 lastDate=NULL nowDate=2026-08-02 → false
2026-08-02 15:20:05.895 +03:00 [INF] === ScheduledChecks BİTTİ (11ms) ===
2026-08-02 16:10:18.982 +03:00 [INF] Executed DbCommand (26ms) [Parameters=[], CommandType='"Text"', CommandTimeout='30']
SELECT 1
2026-08-02 16:10:19.069 +03:00 [INF] Executed DbCommand (17ms) [Parameters=[], CommandType='"Text"', CommandTimeout='30']
SELECT OBJECT_ID(N'[__EFMigrationsHistory]');
2026-08-02 16:10:19.076 +03:00 [INF] Executed DbCommand (1ms) [Parameters=[], CommandType='"Text"', CommandTimeout='30']
SELECT 1
2026-08-02 16:10:19.081 +03:00 [INF] Executed DbCommand (1ms) [Parameters=[], CommandType='"Text"', CommandTimeout='30']
SELECT OBJECT_ID(N'[__EFMigrationsHistory]');
2026-08-02 16:10:19.113 +03:00 [INF] Executed DbCommand (3ms) [Parameters=[], CommandType='"Text"', CommandTimeout='30']
SELECT [MigrationId], [ProductVersion]
FROM [__EFMigrationsHistory]
ORDER BY [MigrationId];
2026-08-02 16:10:19.258 +03:00 [INF] No migrations were applied. The database is already up to date.
2026-08-02 16:10:19.661 +03:00 [INF] InvoiceCheckWorker başladı. InitialDelay=30sn
2026-08-02 16:10:19.897 +03:00 [WRN] Overriding address(es) 'http://localhost:5011'. Binding to endpoints defined via IConfiguration and/or UseKestrel() instead.
2026-08-02 16:10:19.915 +03:00 [INF] Now listening on: http://localhost:5011
2026-08-02 16:10:20.008 +03:00 [INF] Application started. Press Ctrl+C to shut down.
2026-08-02 16:10:20.011 +03:00 [INF] Hosting environment: Development
2026-08-02 16:10:20.014 +03:00 [INF] Content root path: C:\GitHub\CengizMicroService\Sovos\Sovos.InvoiceWorker
2026-08-02 16:10:49.707 +03:00 [INF] === ScheduledChecks BAŞLADI ===
2026-08-02 16:10:49.969 +03:00 [INF] Executed DbCommand (16ms) [Parameters=[], CommandType='"Text"', CommandTimeout='30']
SELECT [s].[Id], [s].[CompanyCode], [s].[EncryptedPassword], [s].[FirmaId], [s].[IsActive], [s].[LastErrorMessage], [s].[LastFailedRunAt], [s].[LastSuccessfulRunAt], [s].[Name], [s].[NotificationEmails], [s].[ScheduleHour], [s].[ScheduleMode], [s].[Username]
FROM [SovosCompanies] AS [s]
WHERE [s].[IsActive] = CAST(1 AS bit)
2026-08-02 16:10:50.039 +03:00 [INF] 🧮 IsDue "Daily" | Id=1 nowHour=16 schedHour=22 lastDate=2026-07-09 nowDate=2026-08-02 → false
2026-08-02 16:10:50.043 +03:00 [INF] 🧮 IsDue "Daily" | Id=2 nowHour=16 schedHour=9 lastDate=2026-08-02 nowDate=2026-08-02 → false
2026-08-02 16:10:50.044 +03:00 [INF] 🧮 IsDue "Manual" | Id=3 nowHour=16 schedHour=9 lastDate=NULL nowDate=2026-08-02 → false
2026-08-02 16:10:50.046 +03:00 [INF] === ScheduledChecks BİTTİ (337ms) ===
2026-08-02 16:11:50.090 +03:00 [INF] === ScheduledChecks BAŞLADI ===
2026-08-02 16:11:50.134 +03:00 [INF] Executed DbCommand (2ms) [Parameters=[], CommandType='"Text"', CommandTimeout='30']
SELECT [s].[Id], [s].[CompanyCode], [s].[EncryptedPassword], [s].[FirmaId], [s].[IsActive], [s].[LastErrorMessage], [s].[LastFailedRunAt], [s].[LastSuccessfulRunAt], [s].[Name], [s].[NotificationEmails], [s].[ScheduleHour], [s].[ScheduleMode], [s].[Username]
FROM [SovosCompanies] AS [s]
WHERE [s].[IsActive] = CAST(1 AS bit)
2026-08-02 16:11:50.136 +03:00 [INF] 🧮 IsDue "Daily" | Id=1 nowHour=16 schedHour=22 lastDate=2026-07-09 nowDate=2026-08-02 → false
2026-08-02 16:11:50.137 +03:00 [INF] 🧮 IsDue "Daily" | Id=2 nowHour=16 schedHour=9 lastDate=2026-08-02 nowDate=2026-08-02 → false
2026-08-02 16:11:50.139 +03:00 [INF] 🧮 IsDue "Manual" | Id=3 nowHour=16 schedHour=9 lastDate=NULL nowDate=2026-08-02 → false
2026-08-02 16:11:50.140 +03:00 [INF] === ScheduledChecks BİTTİ (48ms) ===
2026-08-02 16:12:50.158 +03:00 [INF] === ScheduledChecks BAŞLADI ===
2026-08-02 16:12:50.163 +03:00 [INF] Executed DbCommand (2ms) [Parameters=[], CommandType='"Text"', CommandTimeout='30']
SELECT [s].[Id], [s].[CompanyCode], [s].[EncryptedPassword], [s].[FirmaId], [s].[IsActive], [s].[LastErrorMessage], [s].[LastFailedRunAt], [s].[LastSuccessfulRunAt], [s].[Name], [s].[NotificationEmails], [s].[ScheduleHour], [s].[ScheduleMode], [s].[Username]
FROM [SovosCompanies] AS [s]
WHERE [s].[IsActive] = CAST(1 AS bit)
2026-08-02 16:12:50.165 +03:00 [INF] 🧮 IsDue "Daily" | Id=1 nowHour=16 schedHour=22 lastDate=2026-07-09 nowDate=2026-08-02 → false
2026-08-02 16:12:50.166 +03:00 [INF] 🧮 IsDue "Daily" | Id=2 nowHour=16 schedHour=9 lastDate=2026-08-02 nowDate=2026-08-02 → false
2026-08-02 16:12:50.167 +03:00 [INF] 🧮 IsDue "Manual" | Id=3 nowHour=16 schedHour=9 lastDate=NULL nowDate=2026-08-02 → false
2026-08-02 16:12:50.169 +03:00 [INF] === ScheduledChecks BİTTİ (9ms) ===
2026-08-02 16:13:50.175 +03:00 [INF] === ScheduledChecks BAŞLADI ===
2026-08-02 16:13:50.189 +03:00 [INF] Executed DbCommand (6ms) [Parameters=[], CommandType='"Text"', CommandTimeout='30']
SELECT [s].[Id], [s].[CompanyCode], [s].[EncryptedPassword], [s].[FirmaId], [s].[IsActive], [s].[LastErrorMessage], [s].[LastFailedRunAt], [s].[LastSuccessfulRunAt], [s].[Name], [s].[NotificationEmails], [s].[ScheduleHour], [s].[ScheduleMode], [s].[Username]
FROM [SovosCompanies] AS [s]
WHERE [s].[IsActive] = CAST(1 AS bit)
2026-08-02 16:13:50.190 +03:00 [INF] 🧮 IsDue "Daily" | Id=1 nowHour=16 schedHour=22 lastDate=2026-07-09 nowDate=2026-08-02 → false
2026-08-02 16:13:50.192 +03:00 [INF] 🧮 IsDue "Daily" | Id=2 nowHour=16 schedHour=9 lastDate=2026-08-02 nowDate=2026-08-02 → false
2026-08-02 16:13:50.193 +03:00 [INF] 🧮 IsDue "Manual" | Id=3 nowHour=16 schedHour=9 lastDate=NULL nowDate=2026-08-02 → false
2026-08-02 16:13:50.194 +03:00 [INF] === ScheduledChecks BİTTİ (17ms) ===
2026-08-02 16:14:50.207 +03:00 [INF] === ScheduledChecks BAŞLADI ===
2026-08-02 16:14:50.217 +03:00 [INF] Executed DbCommand (3ms) [Parameters=[], CommandType='"Text"', CommandTimeout='30']
SELECT [s].[Id], [s].[CompanyCode], [s].[EncryptedPassword], [s].[FirmaId], [s].[IsActive], [s].[LastErrorMessage], [s].[LastFailedRunAt], [s].[LastSuccessfulRunAt], [s].[Name], [s].[NotificationEmails], [s].[ScheduleHour], [s].[ScheduleMode], [s].[Username]
FROM [SovosCompanies] AS [s]
WHERE [s].[IsActive] = CAST(1 AS bit)
2026-08-02 16:14:50.219 +03:00 [INF] 🧮 IsDue "Daily" | Id=1 nowHour=16 schedHour=22 lastDate=2026-07-09 nowDate=2026-08-02 → false
2026-08-02 16:14:50.221 +03:00 [INF] 🧮 IsDue "Daily" | Id=2 nowHour=16 schedHour=9 lastDate=2026-08-02 nowDate=2026-08-02 → false
2026-08-02 16:14:50.223 +03:00 [INF] 🧮 IsDue "Manual" | Id=3 nowHour=16 schedHour=9 lastDate=NULL nowDate=2026-08-02 → false
2026-08-02 16:14:50.225 +03:00 [INF] === ScheduledChecks BİTTİ (16ms) ===
2026-08-02 16:15:50.233 +03:00 [INF] === ScheduledChecks BAŞLADI ===
2026-08-02 16:15:50.268 +03:00 [INF] Executed DbCommand (28ms) [Parameters=[], CommandType='"Text"', CommandTimeout='30']
SELECT [s].[Id], [s].[CompanyCode], [s].[EncryptedPassword], [s].[FirmaId], [s].[IsActive], [s].[LastErrorMessage], [s].[LastFailedRunAt], [s].[LastSuccessfulRunAt], [s].[Name], [s].[NotificationEmails], [s].[ScheduleHour], [s].[ScheduleMode], [s].[Username]
FROM [SovosCompanies] AS [s]
WHERE [s].[IsActive] = CAST(1 AS bit)
2026-08-02 16:15:50.270 +03:00 [INF] 🧮 IsDue "Daily" | Id=1 nowHour=16 schedHour=22 lastDate=2026-07-09 nowDate=2026-08-02 → false
2026-08-02 16:15:50.271 +03:00 [INF] 🧮 IsDue "Daily" | Id=2 nowHour=16 schedHour=9 lastDate=2026-08-02 nowDate=2026-08-02 → false
2026-08-02 16:15:50.272 +03:00 [INF] 🧮 IsDue "Manual" | Id=3 nowHour=16 schedHour=9 lastDate=NULL nowDate=2026-08-02 → false
2026-08-02 16:15:50.273 +03:00 [INF] === ScheduledChecks BİTTİ (39ms) ===
2026-08-02 16:16:50.280 +03:00 [INF] === ScheduledChecks BAŞLADI ===
2026-08-02 16:16:50.285 +03:00 [INF] Executed DbCommand (3ms) [Parameters=[], CommandType='"Text"', CommandTimeout='30']
SELECT [s].[Id], [s].[CompanyCode], [s].[EncryptedPassword], [s].[FirmaId], [s].[IsActive], [s].[LastErrorMessage], [s].[LastFailedRunAt], [s].[LastSuccessfulRunAt], [s].[Name], [s].[NotificationEmails], [s].[ScheduleHour], [s].[ScheduleMode], [s].[Username]
FROM [SovosCompanies] AS [s]
WHERE [s].[IsActive] = CAST(1 AS bit)
2026-08-02 16:16:50.287 +03:00 [INF] 🧮 IsDue "Daily" | Id=1 nowHour=16 schedHour=22 lastDate=2026-07-09 nowDate=2026-08-02 → false
2026-08-02 16:16:50.288 +03:00 [INF] 🧮 IsDue "Daily" | Id=2 nowHour=16 schedHour=9 lastDate=2026-08-02 nowDate=2026-08-02 → false
2026-08-02 16:16:50.289 +03:00 [INF] 🧮 IsDue "Manual" | Id=3 nowHour=16 schedHour=9 lastDate=NULL nowDate=2026-08-02 → false
2026-08-02 16:16:50.290 +03:00 [INF] === ScheduledChecks BİTTİ (9ms) ===
2026-08-02 16:17:50.294 +03:00 [INF] === ScheduledChecks BAŞLADI ===
2026-08-02 16:17:50.322 +03:00 [INF] Executed DbCommand (16ms) [Parameters=[], CommandType='"Text"', CommandTimeout='30']
SELECT [s].[Id], [s].[CompanyCode], [s].[EncryptedPassword], [s].[FirmaId], [s].[IsActive], [s].[LastErrorMessage], [s].[LastFailedRunAt], [s].[LastSuccessfulRunAt], [s].[Name], [s].[NotificationEmails], [s].[ScheduleHour], [s].[ScheduleMode], [s].[Username]
FROM [SovosCompanies] AS [s]
WHERE [s].[IsActive] = CAST(1 AS bit)
2026-08-02 16:17:50.324 +03:00 [INF] 🧮 IsDue "Daily" | Id=1 nowHour=16 schedHour=22 lastDate=2026-07-09 nowDate=2026-08-02 → false
2026-08-02 16:17:50.326 +03:00 [INF] 🧮 IsDue "Daily" | Id=2 nowHour=16 schedHour=9 lastDate=2026-08-02 nowDate=2026-08-02 → false
2026-08-02 16:17:50.328 +03:00 [INF] 🧮 IsDue "Manual" | Id=3 nowHour=16 schedHour=9 lastDate=NULL nowDate=2026-08-02 → false
2026-08-02 16:17:50.329 +03:00 [INF] === ScheduledChecks BİTTİ (33ms) ===
2026-08-02 16:18:50.343 +03:00 [INF] === ScheduledChecks BAŞLADI ===
2026-08-02 16:18:50.364 +03:00 [INF] Executed DbCommand (14ms) [Parameters=[], CommandType='"Text"', CommandTimeout='30']
SELECT [s].[Id], [s].[CompanyCode], [s].[EncryptedPassword], [s].[FirmaId], [s].[IsActive], [s].[LastErrorMessage], [s].[LastFailedRunAt], [s].[LastSuccessfulRunAt], [s].[Name], [s].[NotificationEmails], [s].[ScheduleHour], [s].[ScheduleMode], [s].[Username]
FROM [SovosCompanies] AS [s]
WHERE [s].[IsActive] = CAST(1 AS bit)
2026-08-02 16:18:50.366 +03:00 [INF] 🧮 IsDue "Daily" | Id=1 nowHour=16 schedHour=22 lastDate=2026-07-09 nowDate=2026-08-02 → false
2026-08-02 16:18:50.368 +03:00 [INF] 🧮 IsDue "Daily" | Id=2 nowHour=16 schedHour=9 lastDate=2026-08-02 nowDate=2026-08-02 → false
2026-08-02 16:18:50.369 +03:00 [INF] 🧮 IsDue "Manual" | Id=3 nowHour=16 schedHour=9 lastDate=NULL nowDate=2026-08-02 → false
2026-08-02 16:18:50.370 +03:00 [INF] === ScheduledChecks BİTTİ (25ms) ===
2026-08-02 16:19:50.376 +03:00 [INF] === ScheduledChecks BAŞLADI ===
2026-08-02 16:19:50.397 +03:00 [INF] Executed DbCommand (14ms) [Parameters=[], CommandType='"Text"', CommandTimeout='30']
SELECT [s].[Id], [s].[CompanyCode], [s].[EncryptedPassword], [s].[FirmaId], [s].[IsActive], [s].[LastErrorMessage], [s].[LastFailedRunAt], [s].[LastSuccessfulRunAt], [s].[Name], [s].[NotificationEmails], [s].[ScheduleHour], [s].[ScheduleMode], [s].[Username]
FROM [SovosCompanies] AS [s]
WHERE [s].[IsActive] = CAST(1 AS bit)
2026-08-02 16:19:50.399 +03:00 [INF] 🧮 IsDue "Daily" | Id=1 nowHour=16 schedHour=22 lastDate=2026-07-09 nowDate=2026-08-02 → false
2026-08-02 16:19:50.400 +03:00 [INF] 🧮 IsDue "Daily" | Id=2 nowHour=16 schedHour=9 lastDate=2026-08-02 nowDate=2026-08-02 → false
2026-08-02 16:19:50.401 +03:00 [INF] 🧮 IsDue "Manual" | Id=3 nowHour=16 schedHour=9 lastDate=NULL nowDate=2026-08-02 → false
2026-08-02 16:19:50.402 +03:00 [INF] === ScheduledChecks BİTTİ (25ms) ===
2026-08-02 17:05:10.508 +03:00 [INF] Executed DbCommand (25ms) [Parameters=[], CommandType='"Text"', CommandTimeout='30']
SELECT 1
2026-08-02 17:05:10.595 +03:00 [INF] Executed DbCommand (17ms) [Parameters=[], CommandType='"Text"', CommandTimeout='30']
SELECT OBJECT_ID(N'[__EFMigrationsHistory]');
2026-08-02 17:05:10.607 +03:00 [INF] Executed DbCommand (3ms) [Parameters=[], CommandType='"Text"', CommandTimeout='30']
SELECT 1
2026-08-02 17:05:10.613 +03:00 [INF] Executed DbCommand (2ms) [Parameters=[], CommandType='"Text"', CommandTimeout='30']
SELECT OBJECT_ID(N'[__EFMigrationsHistory]');
2026-08-02 17:05:10.644 +03:00 [INF] Executed DbCommand (2ms) [Parameters=[], CommandType='"Text"', CommandTimeout='30']
SELECT [MigrationId], [ProductVersion]
FROM [__EFMigrationsHistory]
ORDER BY [MigrationId];
2026-08-02 17:05:10.742 +03:00 [INF] No migrations were applied. The database is already up to date.
2026-08-02 17:05:11.106 +03:00 [INF] InvoiceCheckWorker başladı. InitialDelay=30sn
2026-08-02 17:05:11.438 +03:00 [WRN] Overriding address(es) 'http://localhost:5011'. Binding to endpoints defined via IConfiguration and/or UseKestrel() instead.
2026-08-02 17:05:11.457 +03:00 [INF] Now listening on: http://localhost:5011
2026-08-02 17:05:11.747 +03:00 [INF] Application started. Press Ctrl+C to shut down.
2026-08-02 17:05:11.752 +03:00 [INF] Hosting environment: Development
2026-08-02 17:05:11.756 +03:00 [INF] Content root path: C:\GitHub\CengizMicroService\Sovos\Sovos.InvoiceWorker
2026-08-02 17:05:41.165 +03:00 [INF] === ScheduledChecks BAŞLADI ===
2026-08-02 17:05:41.453 +03:00 [INF] Executed DbCommand (18ms) [Parameters=[], CommandType='"Text"', CommandTimeout='30']
SELECT [s].[Id], [s].[CompanyCode], [s].[EncryptedPassword], [s].[FirmaId], [s].[IsActive], [s].[LastErrorMessage], [s].[LastFailedRunAt], [s].[LastSuccessfulRunAt], [s].[Name], [s].[NotificationEmails], [s].[ScheduleHour], [s].[ScheduleMode], [s].[Username]
FROM [SovosCompanies] AS [s]
WHERE [s].[IsActive] = CAST(1 AS bit)
2026-08-02 17:05:41.533 +03:00 [INF] 🧮 IsDue "Daily" | Id=1 nowHour=17 schedHour=22 lastDate=2026-07-09 nowDate=2026-08-02 → false
2026-08-02 17:05:41.537 +03:00 [INF] 🧮 IsDue "Daily" | Id=2 nowHour=17 schedHour=9 lastDate=2026-08-02 nowDate=2026-08-02 → false
2026-08-02 17:05:41.540 +03:00 [INF] 🧮 IsDue "Manual" | Id=3 nowHour=17 schedHour=9 lastDate=NULL nowDate=2026-08-02 → false
2026-08-02 17:05:41.542 +03:00 [INF] === ScheduledChecks BİTTİ (375ms) ===
2026-08-02 17:06:41.626 +03:00 [INF] === ScheduledChecks BAŞLADI ===
2026-08-02 17:06:41.696 +03:00 [INF] Executed DbCommand (3ms) [Parameters=[], CommandType='"Text"', CommandTimeout='30']
SELECT [s].[Id], [s].[CompanyCode], [s].[EncryptedPassword], [s].[FirmaId], [s].[IsActive], [s].[LastErrorMessage], [s].[LastFailedRunAt], [s].[LastSuccessfulRunAt], [s].[Name], [s].[NotificationEmails], [s].[ScheduleHour], [s].[ScheduleMode], [s].[Username]
FROM [SovosCompanies] AS [s]
WHERE [s].[IsActive] = CAST(1 AS bit)
2026-08-02 17:06:41.698 +03:00 [INF] 🧮 IsDue "Daily" | Id=1 nowHour=17 schedHour=22 lastDate=2026-07-09 nowDate=2026-08-02 → false
2026-08-02 17:06:41.700 +03:00 [INF] 🧮 IsDue "Daily" | Id=2 nowHour=17 schedHour=9 lastDate=2026-08-02 nowDate=2026-08-02 → false
2026-08-02 17:06:41.701 +03:00 [INF] 🧮 IsDue "Manual" | Id=3 nowHour=17 schedHour=9 lastDate=NULL nowDate=2026-08-02 → false
2026-08-02 17:06:41.702 +03:00 [INF] === ScheduledChecks BİTTİ (45ms) ===
2026-08-02 17:32:34.872 +03:00 [INF] Executed DbCommand (17ms) [Parameters=[], CommandType='"Text"', CommandTimeout='30']
SELECT 1
2026-08-02 17:32:34.949 +03:00 [INF] Executed DbCommand (13ms) [Parameters=[], CommandType='"Text"', CommandTimeout='30']
SELECT OBJECT_ID(N'[__EFMigrationsHistory]');
2026-08-02 17:32:34.954 +03:00 [INF] Executed DbCommand (1ms) [Parameters=[], CommandType='"Text"', CommandTimeout='30']
SELECT 1
2026-08-02 17:32:34.957 +03:00 [INF] Executed DbCommand (1ms) [Parameters=[], CommandType='"Text"', CommandTimeout='30']
SELECT OBJECT_ID(N'[__EFMigrationsHistory]');
2026-08-02 17:32:34.974 +03:00 [INF] Executed DbCommand (1ms) [Parameters=[], CommandType='"Text"', CommandTimeout='30']
SELECT [MigrationId], [ProductVersion]
FROM [__EFMigrationsHistory]
ORDER BY [MigrationId];
2026-08-02 17:32:35.033 +03:00 [INF] No migrations were applied. The database is already up to date.
2026-08-02 17:32:35.268 +03:00 [INF] InvoiceCheckWorker başladı. InitialDelay=30sn
2026-08-02 17:32:35.399 +03:00 [WRN] Overriding address(es) 'http://localhost:5011'. Binding to endpoints defined via IConfiguration and/or UseKestrel() instead.
2026-08-02 17:32:35.411 +03:00 [INF] Now listening on: http://localhost:5011
2026-08-02 17:32:35.456 +03:00 [INF] Application started. Press Ctrl+C to shut down.
2026-08-02 17:32:35.457 +03:00 [INF] Hosting environment: Development
2026-08-02 17:32:35.458 +03:00 [INF] Content root path: C:\GitHub\CengizMicroService\Sovos\Sovos.InvoiceWorker
2026-08-02 17:33:05.303 +03:00 [INF] === ScheduledChecks BAŞLADI ===
2026-08-02 17:33:05.548 +03:00 [INF] Executed DbCommand (16ms) [Parameters=[], CommandType='"Text"', CommandTimeout='30']
SELECT [s].[Id], [s].[CompanyCode], [s].[EncryptedPassword], [s].[FirmaId], [s].[IsActive], [s].[LastErrorMessage], [s].[LastFailedRunAt], [s].[LastSuccessfulRunAt], [s].[Name], [s].[NotificationEmails], [s].[ScheduleHour], [s].[ScheduleMode], [s].[Username]
FROM [SovosCompanies] AS [s]
WHERE [s].[IsActive] = CAST(1 AS bit)
2026-08-02 17:33:05.613 +03:00 [INF] 🧮 IsDue "Daily" | Id=1 nowHour=17 schedHour=22 lastDate=2026-07-09 nowDate=2026-08-02 → false
2026-08-02 17:33:05.617 +03:00 [INF] 🧮 IsDue "Daily" | Id=2 nowHour=17 schedHour=9 lastDate=2026-08-02 nowDate=2026-08-02 → false
2026-08-02 17:33:05.618 +03:00 [INF] 🧮 IsDue "Manual" | Id=3 nowHour=17 schedHour=9 lastDate=NULL nowDate=2026-08-02 → false
2026-08-02 17:33:05.620 +03:00 [INF] === ScheduledChecks BİTTİ (316ms) ===
2026-08-02 17:34:05.662 +03:00 [INF] === ScheduledChecks BAŞLADI ===
2026-08-02 17:34:05.710 +03:00 [INF] Executed DbCommand (2ms) [Parameters=[], CommandType='"Text"', CommandTimeout='30']
SELECT [s].[Id], [s].[CompanyCode], [s].[EncryptedPassword], [s].[FirmaId], [s].[IsActive], [s].[LastErrorMessage], [s].[LastFailedRunAt], [s].[LastSuccessfulRunAt], [s].[Name], [s].[NotificationEmails], [s].[ScheduleHour], [s].[ScheduleMode], [s].[Username]
FROM [SovosCompanies] AS [s]
WHERE [s].[IsActive] = CAST(1 AS bit)
2026-08-02 17:34:05.713 +03:00 [INF] 🧮 IsDue "Daily" | Id=1 nowHour=17 schedHour=22 lastDate=2026-07-09 nowDate=2026-08-02 → false
2026-08-02 17:34:05.715 +03:00 [INF] 🧮 IsDue "Daily" | Id=2 nowHour=17 schedHour=9 lastDate=2026-08-02 nowDate=2026-08-02 → false
2026-08-02 17:34:05.716 +03:00 [INF] 🧮 IsDue "Manual" | Id=3 nowHour=17 schedHour=9 lastDate=NULL nowDate=2026-08-02 → false
2026-08-02 17:34:05.718 +03:00 [INF] === ScheduledChecks BİTTİ (52ms) ===
2026-08-02 17:35:05.737 +03:00 [INF] === ScheduledChecks BAŞLADI ===
2026-08-02 17:35:05.745 +03:00 [INF] Executed DbCommand (2ms) [Parameters=[], CommandType='"Text"', CommandTimeout='30']
SELECT [s].[Id], [s].[CompanyCode], [s].[EncryptedPassword], [s].[FirmaId], [s].[IsActive], [s].[LastErrorMessage], [s].[LastFailedRunAt], [s].[LastSuccessfulRunAt], [s].[Name], [s].[NotificationEmails], [s].[ScheduleHour], [s].[ScheduleMode], [s].[Username]
FROM [SovosCompanies] AS [s]
WHERE [s].[IsActive] = CAST(1 AS bit)
2026-08-02 17:35:05.747 +03:00 [INF] 🧮 IsDue "Daily" | Id=1 nowHour=17 schedHour=22 lastDate=2026-07-09 nowDate=2026-08-02 → false
2026-08-02 17:35:05.748 +03:00 [INF] 🧮 IsDue "Daily" | Id=2 nowHour=17 schedHour=9 lastDate=2026-08-02 nowDate=2026-08-02 → false
2026-08-02 17:35:05.750 +03:00 [INF] 🧮 IsDue "Manual" | Id=3 nowHour=17 schedHour=9 lastDate=NULL nowDate=2026-08-02 → false
2026-08-02 17:35:05.751 +03:00 [INF] === ScheduledChecks BİTTİ (10ms) ===
2026-08-02 17:36:05.765 +03:00 [INF] === ScheduledChecks BAŞLADI ===
2026-08-02 17:36:05.831 +03:00 [INF] Executed DbCommand (3ms) [Parameters=[], CommandType='"Text"', CommandTimeout='30']
SELECT [s].[Id], [s].[CompanyCode], [s].[EncryptedPassword], [s].[FirmaId], [s].[IsActive], [s].[LastErrorMessage], [s].[LastFailedRunAt], [s].[LastSuccessfulRunAt], [s].[Name], [s].[NotificationEmails], [s].[ScheduleHour], [s].[ScheduleMode], [s].[Username]
FROM [SovosCompanies] AS [s]
WHERE [s].[IsActive] = CAST(1 AS bit)
2026-08-02 17:36:05.834 +03:00 [INF] 🧮 IsDue "Daily" | Id=1 nowHour=17 schedHour=22 lastDate=2026-07-09 nowDate=2026-08-02 → false
2026-08-02 17:36:05.835 +03:00 [INF] 🧮 IsDue "Daily" | Id=2 nowHour=17 schedHour=9 lastDate=2026-08-02 nowDate=2026-08-02 → false
2026-08-02 17:36:05.837 +03:00 [INF] 🧮 IsDue "Manual" | Id=3 nowHour=17 schedHour=9 lastDate=NULL nowDate=2026-08-02 → false
2026-08-02 17:36:05.839 +03:00 [INF] === ScheduledChecks BİTTİ (72ms) ===
2026-08-02 17:37:05.843 +03:00 [INF] === ScheduledChecks BAŞLADI ===
2026-08-02 17:37:05.855 +03:00 [INF] Executed DbCommand (3ms) [Parameters=[], CommandType='"Text"', CommandTimeout='30']
SELECT [s].[Id], [s].[CompanyCode], [s].[EncryptedPassword], [s].[FirmaId], [s].[IsActive], [s].[LastErrorMessage], [s].[LastFailedRunAt], [s].[LastSuccessfulRunAt], [s].[Name], [s].[NotificationEmails], [s].[ScheduleHour], [s].[ScheduleMode], [s].[Username]
FROM [SovosCompanies] AS [s]
WHERE [s].[IsActive] = CAST(1 AS bit)
2026-08-02 17:37:05.857 +03:00 [INF] 🧮 IsDue "Daily" | Id=1 nowHour=17 schedHour=22 lastDate=2026-07-09 nowDate=2026-08-02 → false
2026-08-02 17:37:05.858 +03:00 [INF] 🧮 IsDue "Daily" | Id=2 nowHour=17 schedHour=9 lastDate=2026-08-02 nowDate=2026-08-02 → false
2026-08-02 17:37:05.860 +03:00 [INF] 🧮 IsDue "Manual" | Id=3 nowHour=17 schedHour=9 lastDate=NULL nowDate=2026-08-02 → false
2026-08-02 17:37:05.861 +03:00 [INF] === ScheduledChecks BİTTİ (17ms) ===
2026-08-02 17:38:05.875 +03:00 [INF] === ScheduledChecks BAŞLADI ===
2026-08-02 17:38:05.887 +03:00 [INF] Executed DbCommand (3ms) [Parameters=[], CommandType='"Text"', CommandTimeout='30']
SELECT [s].[Id], [s].[CompanyCode], [s].[EncryptedPassword], [s].[FirmaId], [s].[IsActive], [s].[LastErrorMessage], [s].[LastFailedRunAt], [s].[LastSuccessfulRunAt], [s].[Name], [s].[NotificationEmails], [s].[ScheduleHour], [s].[ScheduleMode], [s].[Username]
FROM [SovosCompanies] AS [s]
WHERE [s].[IsActive] = CAST(1 AS bit)
2026-08-02 17:38:05.889 +03:00 [INF] 🧮 IsDue "Daily" | Id=1 nowHour=17 schedHour=22 lastDate=2026-07-09 nowDate=2026-08-02 → false
2026-08-02 17:38:05.890 +03:00 [INF] 🧮 IsDue "Daily" | Id=2 nowHour=17 schedHour=9 lastDate=2026-08-02 nowDate=2026-08-02 → false
2026-08-02 17:38:05.892 +03:00 [INF] 🧮 IsDue "Manual" | Id=3 nowHour=17 schedHour=9 lastDate=NULL nowDate=2026-08-02 → false
2026-08-02 17:38:05.893 +03:00 [INF] === ScheduledChecks BİTTİ (16ms) ===
2026-08-02 17:39:05.906 +03:00 [INF] === ScheduledChecks BAŞLADI ===
2026-08-02 17:39:05.911 +03:00 [INF] Executed DbCommand (2ms) [Parameters=[], CommandType='"Text"', CommandTimeout='30']
SELECT [s].[Id], [s].[CompanyCode], [s].[EncryptedPassword], [s].[FirmaId], [s].[IsActive], [s].[LastErrorMessage], [s].[LastFailedRunAt], [s].[LastSuccessfulRunAt], [s].[Name], [s].[NotificationEmails], [s].[ScheduleHour], [s].[ScheduleMode], [s].[Username]
FROM [SovosCompanies] AS [s]
WHERE [s].[IsActive] = CAST(1 AS bit)
2026-08-02 17:39:05.912 +03:00 [INF] 🧮 IsDue "Daily" | Id=1 nowHour=17 schedHour=22 lastDate=2026-07-09 nowDate=2026-08-02 → false
2026-08-02 17:39:05.913 +03:00 [INF] 🧮 IsDue "Daily" | Id=2 nowHour=17 schedHour=9 lastDate=2026-08-02 nowDate=2026-08-02 → false
2026-08-02 17:39:05.914 +03:00 [INF] 🧮 IsDue "Manual" | Id=3 nowHour=17 schedHour=9 lastDate=NULL nowDate=2026-08-02 → false
2026-08-02 17:39:05.916 +03:00 [INF] === ScheduledChecks BİTTİ (8ms) ===
2026-08-02 17:40:05.928 +03:00 [INF] === ScheduledChecks BAŞLADI ===
2026-08-02 17:40:05.938 +03:00 [INF] Executed DbCommand (3ms) [Parameters=[], CommandType='"Text"', CommandTimeout='30']
SELECT [s].[Id], [s].[CompanyCode], [s].[EncryptedPassword], [s].[FirmaId], [s].[IsActive], [s].[LastErrorMessage], [s].[LastFailedRunAt], [s].[LastSuccessfulRunAt], [s].[Name], [s].[NotificationEmails], [s].[ScheduleHour], [s].[ScheduleMode], [s].[Username]
FROM [SovosCompanies] AS [s]
WHERE [s].[IsActive] = CAST(1 AS bit)
2026-08-02 17:40:05.939 +03:00 [INF] 🧮 IsDue "Daily" | Id=1 nowHour=17 schedHour=22 lastDate=2026-07-09 nowDate=2026-08-02 → false
2026-08-02 17:40:05.941 +03:00 [INF] 🧮 IsDue "Daily" | Id=2 nowHour=17 schedHour=9 lastDate=2026-08-02 nowDate=2026-08-02 → false
2026-08-02 17:40:05.943 +03:00 [INF] 🧮 IsDue "Manual" | Id=3 nowHour=17 schedHour=9 lastDate=NULL nowDate=2026-08-02 → false
2026-08-02 17:40:05.944 +03:00 [INF] === ScheduledChecks BİTTİ (14ms) ===
2026-08-02 17:41:05.960 +03:00 [INF] === ScheduledChecks BAŞLADI ===
2026-08-02 17:41:05.971 +03:00 [INF] Executed DbCommand (4ms) [Parameters=[], CommandType='"Text"', CommandTimeout='30']
SELECT [s].[Id], [s].[CompanyCode], [s].[EncryptedPassword], [s].[FirmaId], [s].[IsActive], [s].[LastErrorMessage], [s].[LastFailedRunAt], [s].[LastSuccessfulRunAt], [s].[Name], [s].[NotificationEmails], [s].[ScheduleHour], [s].[ScheduleMode], [s].[Username]
FROM [SovosCompanies] AS [s]
WHERE [s].[IsActive] = CAST(1 AS bit)
2026-08-02 17:41:05.972 +03:00 [INF] 🧮 IsDue "Daily" | Id=1 nowHour=17 schedHour=22 lastDate=2026-07-09 nowDate=2026-08-02 → false
2026-08-02 17:41:05.974 +03:00 [INF] 🧮 IsDue "Daily" | Id=2 nowHour=17 schedHour=9 lastDate=2026-08-02 nowDate=2026-08-02 → false
2026-08-02 17:41:05.975 +03:00 [INF] 🧮 IsDue "Manual" | Id=3 nowHour=17 schedHour=9 lastDate=NULL nowDate=2026-08-02 → false
2026-08-02 17:41:05.976 +03:00 [INF] === ScheduledChecks BİTTİ (15ms) ===
2026-08-02 17:42:05.992 +03:00 [INF] === ScheduledChecks BAŞLADI ===
2026-08-02 17:42:06.002 +03:00 [INF] Executed DbCommand (3ms) [Parameters=[], CommandType='"Text"', CommandTimeout='30']
SELECT [s].[Id], [s].[CompanyCode], [s].[EncryptedPassword], [s].[FirmaId], [s].[IsActive], [s].[LastErrorMessage], [s].[LastFailedRunAt], [s].[LastSuccessfulRunAt], [s].[Name], [s].[NotificationEmails], [s].[ScheduleHour], [s].[ScheduleMode], [s].[Username]
FROM [SovosCompanies] AS [s]
WHERE [s].[IsActive] = CAST(1 AS bit)
2026-08-02 17:42:06.003 +03:00 [INF] 🧮 IsDue "Daily" | Id=1 nowHour=17 schedHour=22 lastDate=2026-07-09 nowDate=2026-08-02 → false
2026-08-02 17:42:06.004 +03:00 [INF] 🧮 IsDue "Daily" | Id=2 nowHour=17 schedHour=9 lastDate=2026-08-02 nowDate=2026-08-02 → false
2026-08-02 17:42:06.005 +03:00 [INF] 🧮 IsDue "Manual" | Id=3 nowHour=17 schedHour=9 lastDate=NULL nowDate=2026-08-02 → false
2026-08-02 17:42:06.006 +03:00 [INF] === ScheduledChecks BİTTİ (12ms) ===
2026-08-02 17:43:06.014 +03:00 [INF] === ScheduledChecks BAŞLADI ===
2026-08-02 17:43:06.037 +03:00 [INF] Executed DbCommand (18ms) [Parameters=[], CommandType='"Text"', CommandTimeout='30']
SELECT [s].[Id], [s].[CompanyCode], [s].[EncryptedPassword], [s].[FirmaId], [s].[IsActive], [s].[LastErrorMessage], [s].[LastFailedRunAt], [s].[LastSuccessfulRunAt], [s].[Name], [s].[NotificationEmails], [s].[ScheduleHour], [s].[ScheduleMode], [s].[Username]
FROM [SovosCompanies] AS [s]
WHERE [s].[IsActive] = CAST(1 AS bit)
2026-08-02 17:43:06.038 +03:00 [INF] 🧮 IsDue "Daily" | Id=1 nowHour=17 schedHour=22 lastDate=2026-07-09 nowDate=2026-08-02 → false
2026-08-02 17:43:06.039 +03:00 [INF] 🧮 IsDue "Daily" | Id=2 nowHour=17 schedHour=9 lastDate=2026-08-02 nowDate=2026-08-02 → false
2026-08-02 17:43:06.040 +03:00 [INF] 🧮 IsDue "Manual" | Id=3 nowHour=17 schedHour=9 lastDate=NULL nowDate=2026-08-02 → false
2026-08-02 17:43:06.041 +03:00 [INF] === ScheduledChecks BİTTİ (26ms) ===
2026-08-02 17:44:06.050 +03:00 [INF] === ScheduledChecks BAŞLADI ===
2026-08-02 17:44:06.067 +03:00 [INF] Executed DbCommand (10ms) [Parameters=[], CommandType='"Text"', CommandTimeout='30']
SELECT [s].[Id], [s].[CompanyCode], [s].[EncryptedPassword], [s].[FirmaId], [s].[IsActive], [s].[LastErrorMessage], [s].[LastFailedRunAt], [s].[LastSuccessfulRunAt], [s].[Name], [s].[NotificationEmails], [s].[ScheduleHour], [s].[ScheduleMode], [s].[Username]
FROM [SovosCompanies] AS [s]
WHERE [s].[IsActive] = CAST(1 AS bit)
2026-08-02 17:44:06.069 +03:00 [INF] 🧮 IsDue "Daily" | Id=1 nowHour=17 schedHour=22 lastDate=2026-07-09 nowDate=2026-08-02 → false
2026-08-02 17:44:06.070 +03:00 [INF] 🧮 IsDue "Daily" | Id=2 nowHour=17 schedHour=9 lastDate=2026-08-02 nowDate=2026-08-02 → false
2026-08-02 17:44:06.072 +03:00 [INF] 🧮 IsDue "Manual" | Id=3 nowHour=17 schedHour=9 lastDate=NULL nowDate=2026-08-02 → false
2026-08-02 17:44:06.073 +03:00 [INF] === ScheduledChecks BİTTİ (21ms) ===
2026-08-02 17:45:06.085 +03:00 [INF] === ScheduledChecks BAŞLADI ===
2026-08-02 17:45:06.094 +03:00 [INF] Executed DbCommand (6ms) [Parameters=[], CommandType='"Text"', CommandTimeout='30']
SELECT [s].[Id], [s].[CompanyCode], [s].[EncryptedPassword], [s].[FirmaId], [s].[IsActive], [s].[LastErrorMessage], [s].[LastFailedRunAt], [s].[LastSuccessfulRunAt], [s].[Name], [s].[NotificationEmails], [s].[ScheduleHour], [s].[ScheduleMode], [s].[Username]
FROM [SovosCompanies] AS [s]
WHERE [s].[IsActive] = CAST(1 AS bit)
2026-08-02 17:45:06.095 +03:00 [INF] 🧮 IsDue "Daily" | Id=1 nowHour=17 schedHour=22 lastDate=2026-07-09 nowDate=2026-08-02 → false
2026-08-02 17:45:06.096 +03:00 [INF] 🧮 IsDue "Daily" | Id=2 nowHour=17 schedHour=9 lastDate=2026-08-02 nowDate=2026-08-02 → false
2026-08-02 17:45:06.097 +03:00 [INF] 🧮 IsDue "Manual" | Id=3 nowHour=17 schedHour=9 lastDate=NULL nowDate=2026-08-02 → false
2026-08-02 17:45:06.098 +03:00 [INF] === ScheduledChecks BİTTİ (11ms) ===
2026-08-02 17:46:06.099 +03:00 [INF] === ScheduledChecks BAŞLADI ===
2026-08-02 17:46:06.308 +03:00 [INF] Executed DbCommand (203ms) [Parameters=[], CommandType='"Text"', CommandTimeout='30']
SELECT [s].[Id], [s].[CompanyCode], [s].[EncryptedPassword], [s].[FirmaId], [s].[IsActive], [s].[LastErrorMessage], [s].[LastFailedRunAt], [s].[LastSuccessfulRunAt], [s].[Name], [s].[NotificationEmails], [s].[ScheduleHour], [s].[ScheduleMode], [s].[Username]
FROM [SovosCompanies] AS [s]
WHERE [s].[IsActive] = CAST(1 AS bit)
2026-08-02 17:46:06.310 +03:00 [INF] 🧮 IsDue "Daily" | Id=1 nowHour=17 schedHour=22 lastDate=2026-07-09 nowDate=2026-08-02 → false
2026-08-02 17:46:06.311 +03:00 [INF] 🧮 IsDue "Daily" | Id=2 nowHour=17 schedHour=9 lastDate=2026-08-02 nowDate=2026-08-02 → false
2026-08-02 17:46:06.312 +03:00 [INF] 🧮 IsDue "Manual" | Id=3 nowHour=17 schedHour=9 lastDate=NULL nowDate=2026-08-02 → false
2026-08-02 17:46:06.313 +03:00 [INF] === ScheduledChecks BİTTİ (212ms) ===
2026-08-02 17:47:06.319 +03:00 [INF] === ScheduledChecks BAŞLADI ===
2026-08-02 17:47:06.333 +03:00 [INF] Executed DbCommand (8ms) [Parameters=[], CommandType='"Text"', CommandTimeout='30']
SELECT [s].[Id], [s].[CompanyCode], [s].[EncryptedPassword], [s].[FirmaId], [s].[IsActive], [s].[LastErrorMessage], [s].[LastFailedRunAt], [s].[LastSuccessfulRunAt], [s].[Name], [s].[NotificationEmails], [s].[ScheduleHour], [s].[ScheduleMode], [s].[Username]
FROM [SovosCompanies] AS [s]
WHERE [s].[IsActive] = CAST(1 AS bit)
2026-08-02 17:47:06.335 +03:00 [INF] 🧮 IsDue "Daily" | Id=1 nowHour=17 schedHour=22 lastDate=2026-07-09 nowDate=2026-08-02 → false
2026-08-02 17:47:06.337 +03:00 [INF] 🧮 IsDue "Daily" | Id=2 nowHour=17 schedHour=9 lastDate=2026-08-02 nowDate=2026-08-02 → false
2026-08-02 17:47:06.338 +03:00 [INF] 🧮 IsDue "Manual" | Id=3 nowHour=17 schedHour=9 lastDate=NULL nowDate=2026-08-02 → false
2026-08-02 17:47:06.339 +03:00 [INF] === ScheduledChecks BİTTİ (18ms) ===
2026-08-02 17:48:06.342 +03:00 [INF] === ScheduledChecks BAŞLADI ===
2026-08-02 17:48:06.353 +03:00 [INF] Executed DbCommand (5ms) [Parameters=[], CommandType='"Text"', CommandTimeout='30']
SELECT [s].[Id], [s].[CompanyCode], [s].[EncryptedPassword], [s].[FirmaId], [s].[IsActive], [s].[LastErrorMessage], [s].[LastFailedRunAt], [s].[LastSuccessfulRunAt], [s].[Name], [s].[NotificationEmails], [s].[ScheduleHour], [s].[ScheduleMode], [s].[Username]
FROM [SovosCompanies] AS [s]
WHERE [s].[IsActive] = CAST(1 AS bit)
2026-08-02 17:48:06.355 +03:00 [INF] 🧮 IsDue "Daily" | Id=1 nowHour=17 schedHour=22 lastDate=2026-07-09 nowDate=2026-08-02 → false
2026-08-02 17:48:06.356 +03:00 [INF] 🧮 IsDue "Daily" | Id=2 nowHour=17 schedHour=9 lastDate=2026-08-02 nowDate=2026-08-02 → false
2026-08-02 17:48:06.357 +03:00 [INF] 🧮 IsDue "Manual" | Id=3 nowHour=17 schedHour=9 lastDate=NULL nowDate=2026-08-02 → false
2026-08-02 17:48:06.358 +03:00 [INF] === ScheduledChecks BİTTİ (15ms) ===
2026-08-02 17:49:06.360 +03:00 [INF] === ScheduledChecks BAŞLADI ===
2026-08-02 17:49:06.403 +03:00 [INF] Executed DbCommand (38ms) [Parameters=[], CommandType='"Text"', CommandTimeout='30']
SELECT [s].[Id], [s].[CompanyCode], [s].[EncryptedPassword], [s].[FirmaId], [s].[IsActive], [s].[LastErrorMessage], [s].[LastFailedRunAt], [s].[LastSuccessfulRunAt], [s].[Name], [s].[NotificationEmails], [s].[ScheduleHour], [s].[ScheduleMode], [s].[Username]
FROM [SovosCompanies] AS [s]
WHERE [s].[IsActive] = CAST(1 AS bit)
2026-08-02 17:49:06.405 +03:00 [INF] 🧮 IsDue "Daily" | Id=1 nowHour=17 schedHour=22 lastDate=2026-07-09 nowDate=2026-08-02 → false
2026-08-02 17:49:06.406 +03:00 [INF] 🧮 IsDue "Daily" | Id=2 nowHour=17 schedHour=9 lastDate=2026-08-02 nowDate=2026-08-02 → false
2026-08-02 17:49:06.407 +03:00 [INF] 🧮 IsDue "Manual" | Id=3 nowHour=17 schedHour=9 lastDate=NULL nowDate=2026-08-02 → false
2026-08-02 17:49:06.408 +03:00 [INF] === ScheduledChecks BİTTİ (47ms) ===
2026-08-02 17:50:06.410 +03:00 [INF] === ScheduledChecks BAŞLADI ===
2026-08-02 17:50:06.429 +03:00 [INF] Executed DbCommand (15ms) [Parameters=[], CommandType='"Text"', CommandTimeout='30']
SELECT [s].[Id], [s].[CompanyCode], [s].[EncryptedPassword], [s].[FirmaId], [s].[IsActive], [s].[LastErrorMessage], [s].[LastFailedRunAt], [s].[LastSuccessfulRunAt], [s].[Name], [s].[NotificationEmails], [s].[ScheduleHour], [s].[ScheduleMode], [s].[Username]
FROM [SovosCompanies] AS [s]
WHERE [s].[IsActive] = CAST(1 AS bit)
2026-08-02 17:50:06.431 +03:00 [INF] 🧮 IsDue "Daily" | Id=1 nowHour=17 schedHour=22 lastDate=2026-07-09 nowDate=2026-08-02 → false
2026-08-02 17:50:06.432 +03:00 [INF] 🧮 IsDue "Daily" | Id=2 nowHour=17 schedHour=9 lastDate=2026-08-02 nowDate=2026-08-02 → false
2026-08-02 17:50:06.433 +03:00 [INF] 🧮 IsDue "Manual" | Id=3 nowHour=17 schedHour=9 lastDate=NULL nowDate=2026-08-02 → false
2026-08-02 17:50:06.434 +03:00 [INF] === ScheduledChecks BİTTİ (23ms) ===
2026-08-02 17:51:06.447 +03:00 [INF] === ScheduledChecks BAŞLADI ===
2026-08-02 17:51:06.466 +03:00 [INF] Executed DbCommand (17ms) [Parameters=[], CommandType='"Text"', CommandTimeout='30']
SELECT [s].[Id], [s].[CompanyCode], [s].[EncryptedPassword], [s].[FirmaId], [s].[IsActive], [s].[LastErrorMessage], [s].[LastFailedRunAt], [s].[LastSuccessfulRunAt], [s].[Name], [s].[NotificationEmails], [s].[ScheduleHour], [s].[ScheduleMode], [s].[Username]
FROM [SovosCompanies] AS [s]
WHERE [s].[IsActive] = CAST(1 AS bit)
2026-08-02 17:51:06.468 +03:00 [INF] 🧮 IsDue "Daily" | Id=1 nowHour=17 schedHour=22 lastDate=2026-07-09 nowDate=2026-08-02 → false
2026-08-02 17:51:06.469 +03:00 [INF] 🧮 IsDue "Daily" | Id=2 nowHour=17 schedHour=9 lastDate=2026-08-02 nowDate=2026-08-02 → false
2026-08-02 17:51:06.470 +03:00 [INF] 🧮 IsDue "Manual" | Id=3 nowHour=17 schedHour=9 lastDate=NULL nowDate=2026-08-02 → false
2026-08-02 17:51:06.471 +03:00 [INF] === ScheduledChecks BİTTİ (22ms) ===
2026-08-02 17:52:06.486 +03:00 [INF] === ScheduledChecks BAŞLADI ===
2026-08-02 17:52:06.506 +03:00 [INF] Executed DbCommand (15ms) [Parameters=[], CommandType='"Text"', CommandTimeout='30']
SELECT [s].[Id], [s].[CompanyCode], [s].[EncryptedPassword], [s].[FirmaId], [s].[IsActive], [s].[LastErrorMessage], [s].[LastFailedRunAt], [s].[LastSuccessfulRunAt], [s].[Name], [s].[NotificationEmails], [s].[ScheduleHour], [s].[ScheduleMode], [s].[Username]
FROM [SovosCompanies] AS [s]
WHERE [s].[IsActive] = CAST(1 AS bit)
2026-08-02 17:52:06.507 +03:00 [INF] 🧮 IsDue "Daily" | Id=1 nowHour=17 schedHour=22 lastDate=2026-07-09 nowDate=2026-08-02 → false
2026-08-02 17:52:06.508 +03:00 [INF] 🧮 IsDue "Daily" | Id=2 nowHour=17 schedHour=9 lastDate=2026-08-02 nowDate=2026-08-02 → false
2026-08-02 17:52:06.509 +03:00 [INF] 🧮 IsDue "Manual" | Id=3 nowHour=17 schedHour=9 lastDate=NULL nowDate=2026-08-02 → false
2026-08-02 17:52:06.510 +03:00 [INF] === ScheduledChecks BİTTİ (23ms) ===
2026-08-02 17:53:06.511 +03:00 [INF] === ScheduledChecks BAŞLADI ===
2026-08-02 17:53:06.534 +03:00 [INF] Executed DbCommand (18ms) [Parameters=[], CommandType='"Text"', CommandTimeout='30']
SELECT [s].[Id], [s].[CompanyCode], [s].[EncryptedPassword], [s].[FirmaId], [s].[IsActive], [s].[LastErrorMessage], [s].[LastFailedRunAt], [s].[LastSuccessfulRunAt], [s].[Name], [s].[NotificationEmails], [s].[ScheduleHour], [s].[ScheduleMode], [s].[Username]
FROM [SovosCompanies] AS [s]
WHERE [s].[IsActive] = CAST(1 AS bit)
2026-08-02 17:53:06.535 +03:00 [INF] 🧮 IsDue "Daily" | Id=1 nowHour=17 schedHour=22 lastDate=2026-07-09 nowDate=2026-08-02 → false
2026-08-02 17:53:06.536 +03:00 [INF] 🧮 IsDue "Daily" | Id=2 nowHour=17 schedHour=9 lastDate=2026-08-02 nowDate=2026-08-02 → false
2026-08-02 17:53:06.537 +03:00 [INF] 🧮 IsDue "Manual" | Id=3 nowHour=17 schedHour=9 lastDate=NULL nowDate=2026-08-02 → false
2026-08-02 17:53:06.538 +03:00 [INF] === ScheduledChecks BİTTİ (25ms) ===
2026-08-02 22:22:41.925 +03:00 [INF] Executed DbCommand (26ms) [Parameters=[], CommandType='"Text"', CommandTimeout='30']
SELECT 1
2026-08-02 22:22:42.032 +03:00 [INF] Executed DbCommand (19ms) [Parameters=[], CommandType='"Text"', CommandTimeout='30']
SELECT OBJECT_ID(N'[__EFMigrationsHistory]');
2026-08-02 22:22:42.039 +03:00 [INF] Executed DbCommand (1ms) [Parameters=[], CommandType='"Text"', CommandTimeout='30']
SELECT 1
2026-08-02 22:22:42.044 +03:00 [INF] Executed DbCommand (1ms) [Parameters=[], CommandType='"Text"', CommandTimeout='30']
SELECT OBJECT_ID(N'[__EFMigrationsHistory]');
2026-08-02 22:22:42.072 +03:00 [INF] Executed DbCommand (3ms) [Parameters=[], CommandType='"Text"', CommandTimeout='30']
SELECT [MigrationId], [ProductVersion]
FROM [__EFMigrationsHistory]
ORDER BY [MigrationId];
2026-08-02 22:22:42.181 +03:00 [INF] No migrations were applied. The database is already up to date.
2026-08-02 22:22:42.567 +03:00 [INF] InvoiceCheckWorker başladı. InitialDelay=30sn
2026-08-02 22:22:42.802 +03:00 [WRN] Overriding address(es) 'http://localhost:5011'. Binding to endpoints defined via IConfiguration and/or UseKestrel() instead.
2026-08-02 22:22:42.817 +03:00 [INF] Now listening on: http://localhost:5011
2026-08-02 22:22:42.899 +03:00 [INF] Application started. Press Ctrl+C to shut down.
2026-08-02 22:22:42.901 +03:00 [INF] Hosting environment: Development
2026-08-02 22:22:42.903 +03:00 [INF] Content root path: C:\GitHub\CengizMicroService\Sovos\Sovos.InvoiceWorker
2026-08-02 22:23:12.617 +03:00 [INF] === ScheduledChecks BAŞLADI ===
2026-08-02 22:23:12.870 +03:00 [INF] Executed DbCommand (17ms) [Parameters=[], CommandType='"Text"', CommandTimeout='30']
SELECT [s].[Id], [s].[CompanyCode], [s].[EncryptedPassword], [s].[FirmaId], [s].[IsActive], [s].[LastErrorMessage], [s].[LastFailedRunAt], [s].[LastSuccessfulRunAt], [s].[Name], [s].[NotificationEmails], [s].[ScheduleHour], [s].[ScheduleMode], [s].[Username]
FROM [SovosCompanies] AS [s]
WHERE [s].[IsActive] = CAST(1 AS bit)
2026-08-02 22:23:12.945 +03:00 [INF] 🧮 IsDue "Daily" | Id=1 nowHour=22 schedHour=22 lastDate=2026-07-09 nowDate=2026-08-02 → true
2026-08-02 22:23:12.949 +03:00 [INF] 🧮 IsDue "Daily" | Id=2 nowHour=22 schedHour=9 lastDate=2026-08-02 nowDate=2026-08-02 → false
2026-08-02 22:23:12.951 +03:00 [INF] 🧮 IsDue "Manual" | Id=3 nowHour=22 schedHour=9 lastDate=NULL nowDate=2026-08-02 → false
2026-08-02 22:23:12.953 +03:00 [INF] ScheduledChecks: 3 aktif firma, 1 tanesi şu an taranacak
2026-08-02 22:23:12.965 +03:00 [INF] Firma PKF Aday Bağımsız Denetim: Tarama başlıyor (aralık 02.07.2026 - 02.08.2026)
2026-08-02 22:23:45.837 +03:00 [WRN] Firma PKF Aday Bağımsız Denetim: Login başarısız, deneme 1/3. Hata: Login zaman aşımı (15 sn): 'Çıkış' linki görünmedi - giriş muhtemelen reddedildi.
2026-08-02 22:24:09.719 +03:00 [WRN] Firma PKF Aday Bağımsız Denetim: Login başarısız, deneme 2/3. Hata: Login zaman aşımı (15 sn): 'Çıkış' linki görünmedi - giriş muhtemelen reddedildi.
2026-08-02 22:24:33.090 +03:00 [WRN] Firma PKF Aday Bağımsız Denetim: Login başarısız, deneme 3/3. Hata: Login zaman aşımı (15 sn): 'Çıkış' linki görünmedi - giriş muhtemelen reddedildi.
2026-08-02 22:24:33.444 +03:00 [WRN] Firma PKF Aday Bağımsız Denetim: Login hatası (manualMode=false)
Sovos.InvoiceWorker.Core.Exceptions.SovosLoginException: 3 deneme sonrası giriş başarısız - şifre veya kullanıcı adı yanlış olabilir.
 ---> Sovos.InvoiceWorker.Core.Exceptions.SovosLoginException: Login zaman aşımı (15 sn): 'Çıkış' linki görünmedi - giriş muhtemelen reddedildi.
 ---> System.TimeoutException: Timeout 15000ms exceeded.
Call log:
  - waiting for Locator("text=Çıkış") to be visible
   at Microsoft.Playwright.Transport.Connection.InnerSendMessageToServerAsync[T](ChannelOwner object, String method, Dictionary`2 dictionary, Boolean keepNulls) in /_/src/Playwright/Transport/Connection.cs:line 206
   at Microsoft.Playwright.Transport.Connection.WrapApiCallAsync[T](Func`1 action, Boolean isInternal) in /_/src/Playwright/Transport/Connection.cs:line 532
   at Microsoft.Playwright.Core.Frame.WaitForSelectorAsync(String selector, FrameWaitForSelectorOptions options) in /_/src/Playwright/Core/Frame.cs:line 667
   at Sovos.InvoiceWorker.Services.SovosScraper.AttemptLoginAsync(IPage page, Company company, String decryptedPassword) in C:\GitHub\CengizMicroService\Sovos\Sovos.InvoiceWorker\Services\SovosScraper.cs:line 121
   --- End of inner exception stack trace ---
   at Sovos.InvoiceWorker.Services.SovosScraper.AttemptLoginAsync(IPage page, Company company, String decryptedPassword) in C:\GitHub\CengizMicroService\Sovos\Sovos.InvoiceWorker\Services\SovosScraper.cs:line 127
   at Sovos.InvoiceWorker.Services.SovosScraper.LoginWithRetryAsync(IPage page, Company company, String decryptedPassword, CancellationToken ct) in C:\GitHub\CengizMicroService\Sovos\Sovos.InvoiceWorker\Services\SovosScraper.cs:line 72
   --- End of inner exception stack trace ---
   at Sovos.InvoiceWorker.Services.SovosScraper.LoginWithRetryAsync(IPage page, Company company, String decryptedPassword, CancellationToken ct) in C:\GitHub\CengizMicroService\Sovos\Sovos.InvoiceWorker\Services\SovosScraper.cs:line 93
   at Sovos.InvoiceWorker.Services.SovosScraper.FetchPendingInvoicesAsync(Company company, String decryptedPassword, DateTime fromDate, DateTime toDate, CancellationToken ct) in C:\GitHub\CengizMicroService\Sovos\Sovos.InvoiceWorker\Services\SovosScraper.cs:line 47
   at Sovos.InvoiceWorker.Services.SovosScraper.FetchPendingInvoicesAsync(Company company, String decryptedPassword, DateTime fromDate, DateTime toDate, CancellationToken ct) in C:\GitHub\CengizMicroService\Sovos\Sovos.InvoiceWorker\Services\SovosScraper.cs:line 57
   at Sovos.InvoiceWorker.Services.SovosScraper.FetchPendingInvoicesAsync(Company company, String decryptedPassword, DateTime fromDate, DateTime toDate, CancellationToken ct) in C:\GitHub\CengizMicroService\Sovos\Sovos.InvoiceWorker\Services\SovosScraper.cs:line 57
   at Sovos.InvoiceWorker.Services.InvoiceOrchestrator.ProcessHourlyAsync(Company company, DateTime fromDate, DateTime toDate, CancellationToken ct, Boolean manualMode) in C:\GitHub\CengizMicroService\Sovos\Sovos.InvoiceWorker\Services\InvoiceOrchestrator.cs:line 225
2026-08-02 22:24:33.512 +03:00 [ERR] Firma PKF Aday Bağımsız Denetim: Login-hata maili gönderilemedi
System.InvalidOperationException: Brevo:ApiKey yapılandırılmamış.
   at Sovos.InvoiceWorker.Services.BrevoMailSender.SendAsync(List`1 recipients, String subject, String htmlContent, CancellationToken ct) in C:\GitHub\CengizMicroService\Sovos\Sovos.InvoiceWorker\Services\BrevoMailSender.cs:line 141
   at Sovos.InvoiceWorker.Services.BrevoMailSender.SendLoginErrorAsync(Company company, String errorMessage, CancellationToken ct) in C:\GitHub\CengizMicroService\Sovos\Sovos.InvoiceWorker\Services\BrevoMailSender.cs:line 112
   at Sovos.InvoiceWorker.Services.InvoiceOrchestrator.ProcessHourlyAsync(Company company, DateTime fromDate, DateTime toDate, CancellationToken ct, Boolean manualMode) in C:\GitHub\CengizMicroService\Sovos\Sovos.InvoiceWorker\Services\InvoiceOrchestrator.cs:line 277
2026-08-02 22:24:33.610 +03:00 [INF] Executed DbCommand (22ms) [Parameters=[@p1='?' (DbType = Int32), @p0='?' (DbType = DateTime2)], CommandType='"Text"', CommandTimeout='30']
SET IMPLICIT_TRANSACTIONS OFF;
SET NOCOUNT ON;
UPDATE [SovosCompanies] SET [LastFailedRunAt] = @p0
OUTPUT 1
WHERE [Id] = @p1;
2026-08-02 22:24:33.622 +03:00 [INF] === ScheduledChecks BİTTİ (81004ms) ===
2026-08-02 22:25:33.618 +03:00 [INF] === ScheduledChecks BAŞLADI ===
2026-08-02 22:25:33.671 +03:00 [INF] Executed DbCommand (4ms) [Parameters=[], CommandType='"Text"', CommandTimeout='30']
SELECT [s].[Id], [s].[CompanyCode], [s].[EncryptedPassword], [s].[FirmaId], [s].[IsActive], [s].[LastErrorMessage], [s].[LastFailedRunAt], [s].[LastSuccessfulRunAt], [s].[Name], [s].[NotificationEmails], [s].[ScheduleHour], [s].[ScheduleMode], [s].[Username]
FROM [SovosCompanies] AS [s]
WHERE [s].[IsActive] = CAST(1 AS bit)
2026-08-02 22:25:33.673 +03:00 [INF] 🧮 IsDue "Daily" | Id=1 nowHour=22 schedHour=22 lastDate=2026-08-02 nowDate=2026-08-02 → false
2026-08-02 22:25:33.674 +03:00 [INF] 🧮 IsDue "Daily" | Id=2 nowHour=22 schedHour=9 lastDate=2026-08-02 nowDate=2026-08-02 → false
2026-08-02 22:25:33.675 +03:00 [INF] 🧮 IsDue "Manual" | Id=3 nowHour=22 schedHour=9 lastDate=NULL nowDate=2026-08-02 → false
2026-08-02 22:25:33.676 +03:00 [INF] === ScheduledChecks BİTTİ (54ms) ===
2026-08-02 22:26:33.683 +03:00 [INF] === ScheduledChecks BAŞLADI ===
2026-08-02 22:26:33.693 +03:00 [INF] Executed DbCommand (3ms) [Parameters=[], CommandType='"Text"', CommandTimeout='30']
SELECT [s].[Id], [s].[CompanyCode], [s].[EncryptedPassword], [s].[FirmaId], [s].[IsActive], [s].[LastErrorMessage], [s].[LastFailedRunAt], [s].[LastSuccessfulRunAt], [s].[Name], [s].[NotificationEmails], [s].[ScheduleHour], [s].[ScheduleMode], [s].[Username]
FROM [SovosCompanies] AS [s]
WHERE [s].[IsActive] = CAST(1 AS bit)
2026-08-02 22:26:33.695 +03:00 [INF] 🧮 IsDue "Daily" | Id=1 nowHour=22 schedHour=22 lastDate=2026-08-02 nowDate=2026-08-02 → false
2026-08-02 22:26:33.696 +03:00 [INF] 🧮 IsDue "Daily" | Id=2 nowHour=22 schedHour=9 lastDate=2026-08-02 nowDate=2026-08-02 → false
2026-08-02 22:26:33.697 +03:00 [INF] 🧮 IsDue "Manual" | Id=3 nowHour=22 schedHour=9 lastDate=NULL nowDate=2026-08-02 → false
2026-08-02 22:26:33.698 +03:00 [INF] === ScheduledChecks BİTTİ (13ms) ===
2026-08-02 22:27:33.700 +03:00 [INF] === ScheduledChecks BAŞLADI ===
2026-08-02 22:27:33.744 +03:00 [INF] Executed DbCommand (3ms) [Parameters=[], CommandType='"Text"', CommandTimeout='30']
SELECT [s].[Id], [s].[CompanyCode], [s].[EncryptedPassword], [s].[FirmaId], [s].[IsActive], [s].[LastErrorMessage], [s].[LastFailedRunAt], [s].[LastSuccessfulRunAt], [s].[Name], [s].[NotificationEmails], [s].[ScheduleHour], [s].[ScheduleMode], [s].[Username]
FROM [SovosCompanies] AS [s]
WHERE [s].[IsActive] = CAST(1 AS bit)
2026-08-02 22:27:33.746 +03:00 [INF] 🧮 IsDue "Daily" | Id=1 nowHour=22 schedHour=22 lastDate=2026-08-02 nowDate=2026-08-02 → false
2026-08-02 22:27:33.747 +03:00 [INF] 🧮 IsDue "Daily" | Id=2 nowHour=22 schedHour=9 lastDate=2026-08-02 nowDate=2026-08-02 → false
2026-08-02 22:27:33.748 +03:00 [INF] 🧮 IsDue "Manual" | Id=3 nowHour=22 schedHour=9 lastDate=NULL nowDate=2026-08-02 → false
2026-08-02 22:27:33.749 +03:00 [INF] === ScheduledChecks BİTTİ (48ms) ===
2026-08-02 22:28:33.764 +03:00 [INF] === ScheduledChecks BAŞLADI ===
2026-08-02 22:28:33.788 +03:00 [INF] Executed DbCommand (17ms) [Parameters=[], CommandType='"Text"', CommandTimeout='30']
SELECT [s].[Id], [s].[CompanyCode], [s].[EncryptedPassword], [s].[FirmaId], [s].[IsActive], [s].[LastErrorMessage], [s].[LastFailedRunAt], [s].[LastSuccessfulRunAt], [s].[Name], [s].[NotificationEmails], [s].[ScheduleHour], [s].[ScheduleMode], [s].[Username]
FROM [SovosCompanies] AS [s]
WHERE [s].[IsActive] = CAST(1 AS bit)
2026-08-02 22:28:33.790 +03:00 [INF] 🧮 IsDue "Daily" | Id=1 nowHour=22 schedHour=22 lastDate=2026-08-02 nowDate=2026-08-02 → false
2026-08-02 22:28:33.791 +03:00 [INF] 🧮 IsDue "Daily" | Id=2 nowHour=22 schedHour=9 lastDate=2026-08-02 nowDate=2026-08-02 → false
2026-08-02 22:28:33.792 +03:00 [INF] 🧮 IsDue "Manual" | Id=3 nowHour=22 schedHour=9 lastDate=NULL nowDate=2026-08-02 → false
2026-08-02 22:28:33.793 +03:00 [INF] === ScheduledChecks BİTTİ (27ms) ===
2026-08-02 22:29:33.788 +03:00 [INF] === ScheduledChecks BAŞLADI ===
2026-08-02 22:29:33.810 +03:00 [INF] Executed DbCommand (14ms) [Parameters=[], CommandType='"Text"', CommandTimeout='30']
SELECT [s].[Id], [s].[CompanyCode], [s].[EncryptedPassword], [s].[FirmaId], [s].[IsActive], [s].[LastErrorMessage], [s].[LastFailedRunAt], [s].[LastSuccessfulRunAt], [s].[Name], [s].[NotificationEmails], [s].[ScheduleHour], [s].[ScheduleMode], [s].[Username]
FROM [SovosCompanies] AS [s]
WHERE [s].[IsActive] = CAST(1 AS bit)
2026-08-02 22:29:33.813 +03:00 [INF] 🧮 IsDue "Daily" | Id=1 nowHour=22 schedHour=22 lastDate=2026-08-02 nowDate=2026-08-02 → false
2026-08-02 22:29:33.815 +03:00 [INF] 🧮 IsDue "Daily" | Id=2 nowHour=22 schedHour=9 lastDate=2026-08-02 nowDate=2026-08-02 → false
2026-08-02 22:29:33.817 +03:00 [INF] 🧮 IsDue "Manual" | Id=3 nowHour=22 schedHour=9 lastDate=NULL nowDate=2026-08-02 → false
2026-08-02 22:29:33.820 +03:00 [INF] === ScheduledChecks BİTTİ (30ms) ===
2026-08-02 22:30:33.834 +03:00 [INF] === ScheduledChecks BAŞLADI ===
2026-08-02 22:30:33.844 +03:00 [INF] Executed DbCommand (2ms) [Parameters=[], CommandType='"Text"', CommandTimeout='30']
SELECT [s].[Id], [s].[CompanyCode], [s].[EncryptedPassword], [s].[FirmaId], [s].[IsActive], [s].[LastErrorMessage], [s].[LastFailedRunAt], [s].[LastSuccessfulRunAt], [s].[Name], [s].[NotificationEmails], [s].[ScheduleHour], [s].[ScheduleMode], [s].[Username]
FROM [SovosCompanies] AS [s]
WHERE [s].[IsActive] = CAST(1 AS bit)
2026-08-02 22:30:33.845 +03:00 [INF] 🧮 IsDue "Daily" | Id=1 nowHour=22 schedHour=22 lastDate=2026-08-02 nowDate=2026-08-02 → false
2026-08-02 22:30:33.847 +03:00 [INF] 🧮 IsDue "Daily" | Id=2 nowHour=22 schedHour=9 lastDate=2026-08-02 nowDate=2026-08-02 → false
2026-08-02 22:30:33.848 +03:00 [INF] 🧮 IsDue "Manual" | Id=3 nowHour=22 schedHour=9 lastDate=NULL nowDate=2026-08-02 → false
2026-08-02 22:30:33.849 +03:00 [INF] === ScheduledChecks BİTTİ (13ms) ===
2026-08-02 22:31:33.847 +03:00 [INF] === ScheduledChecks BAŞLADI ===
2026-08-02 22:31:33.865 +03:00 [INF] Executed DbCommand (15ms) [Parameters=[], CommandType='"Text"', CommandTimeout='30']
SELECT [s].[Id], [s].[CompanyCode], [s].[EncryptedPassword], [s].[FirmaId], [s].[IsActive], [s].[LastErrorMessage], [s].[LastFailedRunAt], [s].[LastSuccessfulRunAt], [s].[Name], [s].[NotificationEmails], [s].[ScheduleHour], [s].[ScheduleMode], [s].[Username]
FROM [SovosCompanies] AS [s]
WHERE [s].[IsActive] = CAST(1 AS bit)
2026-08-02 22:31:33.867 +03:00 [INF] 🧮 IsDue "Daily" | Id=1 nowHour=22 schedHour=22 lastDate=2026-08-02 nowDate=2026-08-02 → false
2026-08-02 22:31:33.869 +03:00 [INF] 🧮 IsDue "Daily" | Id=2 nowHour=22 schedHour=9 lastDate=2026-08-02 nowDate=2026-08-02 → false
2026-08-02 22:31:33.870 +03:00 [INF] 🧮 IsDue "Manual" | Id=3 nowHour=22 schedHour=9 lastDate=NULL nowDate=2026-08-02 → false
2026-08-02 22:31:33.871 +03:00 [INF] === ScheduledChecks BİTTİ (22ms) ===
2026-08-02 22:32:33.883 +03:00 [INF] === ScheduledChecks BAŞLADI ===
2026-08-02 22:32:33.902 +03:00 [INF] Executed DbCommand (12ms) [Parameters=[], CommandType='"Text"', CommandTimeout='30']
SELECT [s].[Id], [s].[CompanyCode], [s].[EncryptedPassword], [s].[FirmaId], [s].[IsActive], [s].[LastErrorMessage], [s].[LastFailedRunAt], [s].[LastSuccessfulRunAt], [s].[Name], [s].[NotificationEmails], [s].[ScheduleHour], [s].[ScheduleMode], [s].[Username]
FROM [SovosCompanies] AS [s]
WHERE [s].[IsActive] = CAST(1 AS bit)
2026-08-02 22:32:33.903 +03:00 [INF] 🧮 IsDue "Daily" | Id=1 nowHour=22 schedHour=22 lastDate=2026-08-02 nowDate=2026-08-02 → false
2026-08-02 22:32:33.905 +03:00 [INF] 🧮 IsDue "Daily" | Id=2 nowHour=22 schedHour=9 lastDate=2026-08-02 nowDate=2026-08-02 → false
2026-08-02 22:32:33.906 +03:00 [INF] 🧮 IsDue "Manual" | Id=3 nowHour=22 schedHour=9 lastDate=NULL nowDate=2026-08-02 → false
2026-08-02 22:32:33.907 +03:00 [INF] === ScheduledChecks BİTTİ (22ms) ===
2026-08-02 22:33:33.913 +03:00 [INF] === ScheduledChecks BAŞLADI ===
2026-08-02 22:33:33.961 +03:00 [INF] Executed DbCommand (11ms) [Parameters=[], CommandType='"Text"', CommandTimeout='30']
SELECT [s].[Id], [s].[CompanyCode], [s].[EncryptedPassword], [s].[FirmaId], [s].[IsActive], [s].[LastErrorMessage], [s].[LastFailedRunAt], [s].[LastSuccessfulRunAt], [s].[Name], [s].[NotificationEmails], [s].[ScheduleHour], [s].[ScheduleMode], [s].[Username]
FROM [SovosCompanies] AS [s]
WHERE [s].[IsActive] = CAST(1 AS bit)
2026-08-02 22:33:33.963 +03:00 [INF] 🧮 IsDue "Daily" | Id=1 nowHour=22 schedHour=22 lastDate=2026-08-02 nowDate=2026-08-02 → false
2026-08-02 22:33:33.964 +03:00 [INF] 🧮 IsDue "Daily" | Id=2 nowHour=22 schedHour=9 lastDate=2026-08-02 nowDate=2026-08-02 → false
2026-08-02 22:33:33.966 +03:00 [INF] 🧮 IsDue "Manual" | Id=3 nowHour=22 schedHour=9 lastDate=NULL nowDate=2026-08-02 → false
2026-08-02 22:33:33.966 +03:00 [INF] === ScheduledChecks BİTTİ (52ms) ===
2026-08-02 22:34:33.974 +03:00 [INF] === ScheduledChecks BAŞLADI ===
2026-08-02 22:34:33.991 +03:00 [INF] Executed DbCommand (12ms) [Parameters=[], CommandType='"Text"', CommandTimeout='30']
SELECT [s].[Id], [s].[CompanyCode], [s].[EncryptedPassword], [s].[FirmaId], [s].[IsActive], [s].[LastErrorMessage], [s].[LastFailedRunAt], [s].[LastSuccessfulRunAt], [s].[Name], [s].[NotificationEmails], [s].[ScheduleHour], [s].[ScheduleMode], [s].[Username]
FROM [SovosCompanies] AS [s]
WHERE [s].[IsActive] = CAST(1 AS bit)
2026-08-02 22:34:33.993 +03:00 [INF] 🧮 IsDue "Daily" | Id=1 nowHour=22 schedHour=22 lastDate=2026-08-02 nowDate=2026-08-02 → false
2026-08-02 22:34:33.994 +03:00 [INF] 🧮 IsDue "Daily" | Id=2 nowHour=22 schedHour=9 lastDate=2026-08-02 nowDate=2026-08-02 → false
2026-08-02 22:34:33.995 +03:00 [INF] 🧮 IsDue "Manual" | Id=3 nowHour=22 schedHour=9 lastDate=NULL nowDate=2026-08-02 → false
2026-08-02 22:34:33.996 +03:00 [INF] === ScheduledChecks BİTTİ (21ms) ===
2026-08-02 22:35:33.994 +03:00 [INF] === ScheduledChecks BAŞLADI ===
2026-08-02 22:35:34.012 +03:00 [INF] Executed DbCommand (15ms) [Parameters=[], CommandType='"Text"', CommandTimeout='30']
SELECT [s].[Id], [s].[CompanyCode], [s].[EncryptedPassword], [s].[FirmaId], [s].[IsActive], [s].[LastErrorMessage], [s].[LastFailedRunAt], [s].[LastSuccessfulRunAt], [s].[Name], [s].[NotificationEmails], [s].[ScheduleHour], [s].[ScheduleMode], [s].[Username]
FROM [SovosCompanies] AS [s]
WHERE [s].[IsActive] = CAST(1 AS bit)
2026-08-02 22:35:34.013 +03:00 [INF] 🧮 IsDue "Daily" | Id=1 nowHour=22 schedHour=22 lastDate=2026-08-02 nowDate=2026-08-02 → false
2026-08-02 22:35:34.014 +03:00 [INF] 🧮 IsDue "Daily" | Id=2 nowHour=22 schedHour=9 lastDate=2026-08-02 nowDate=2026-08-02 → false
2026-08-02 22:35:34.015 +03:00 [INF] 🧮 IsDue "Manual" | Id=3 nowHour=22 schedHour=9 lastDate=NULL nowDate=2026-08-02 → false
2026-08-02 22:35:34.016 +03:00 [INF] === ScheduledChecks BİTTİ (21ms) ===
2026-08-02 22:36:34.021 +03:00 [INF] === ScheduledChecks BAŞLADI ===
2026-08-02 22:36:34.044 +03:00 [INF] Executed DbCommand (15ms) [Parameters=[], CommandType='"Text"', CommandTimeout='30']
SELECT [s].[Id], [s].[CompanyCode], [s].[EncryptedPassword], [s].[FirmaId], [s].[IsActive], [s].[LastErrorMessage], [s].[LastFailedRunAt], [s].[LastSuccessfulRunAt], [s].[Name], [s].[NotificationEmails], [s].[ScheduleHour], [s].[ScheduleMode], [s].[Username]
FROM [SovosCompanies] AS [s]
WHERE [s].[IsActive] = CAST(1 AS bit)
2026-08-02 22:36:34.046 +03:00 [INF] 🧮 IsDue "Daily" | Id=1 nowHour=22 schedHour=22 lastDate=2026-08-02 nowDate=2026-08-02 → false
2026-08-02 22:36:34.047 +03:00 [INF] 🧮 IsDue "Daily" | Id=2 nowHour=22 schedHour=9 lastDate=2026-08-02 nowDate=2026-08-02 → false
2026-08-02 22:36:34.048 +03:00 [INF] 🧮 IsDue "Manual" | Id=3 nowHour=22 schedHour=9 lastDate=NULL nowDate=2026-08-02 → false
2026-08-02 22:36:34.048 +03:00 [INF] === ScheduledChecks BİTTİ (26ms) ===
2026-08-02 22:37:34.044 +03:00 [INF] === ScheduledChecks BAŞLADI ===
2026-08-02 22:37:34.063 +03:00 [INF] Executed DbCommand (15ms) [Parameters=[], CommandType='"Text"', CommandTimeout='30']
SELECT [s].[Id], [s].[CompanyCode], [s].[EncryptedPassword], [s].[FirmaId], [s].[IsActive], [s].[LastErrorMessage], [s].[LastFailedRunAt], [s].[LastSuccessfulRunAt], [s].[Name], [s].[NotificationEmails], [s].[ScheduleHour], [s].[ScheduleMode], [s].[Username]
FROM [SovosCompanies] AS [s]
WHERE [s].[IsActive] = CAST(1 AS bit)
2026-08-02 22:37:34.065 +03:00 [INF] 🧮 IsDue "Daily" | Id=1 nowHour=22 schedHour=22 lastDate=2026-08-02 nowDate=2026-08-02 → false
2026-08-02 22:37:34.066 +03:00 [INF] 🧮 IsDue "Daily" | Id=2 nowHour=22 schedHour=9 lastDate=2026-08-02 nowDate=2026-08-02 → false
2026-08-02 22:37:34.066 +03:00 [INF] 🧮 IsDue "Manual" | Id=3 nowHour=22 schedHour=9 lastDate=NULL nowDate=2026-08-02 → false
2026-08-02 22:37:34.068 +03:00 [INF] === ScheduledChecks BİTTİ (22ms) ===
2026-08-02 22:38:34.074 +03:00 [INF] === ScheduledChecks BAŞLADI ===
2026-08-02 22:38:34.080 +03:00 [INF] Executed DbCommand (4ms) [Parameters=[], CommandType='"Text"', CommandTimeout='30']
SELECT [s].[Id], [s].[CompanyCode], [s].[EncryptedPassword], [s].[FirmaId], [s].[IsActive], [s].[LastErrorMessage], [s].[LastFailedRunAt], [s].[LastSuccessfulRunAt], [s].[Name], [s].[NotificationEmails], [s].[ScheduleHour], [s].[ScheduleMode], [s].[Username]
FROM [SovosCompanies] AS [s]
WHERE [s].[IsActive] = CAST(1 AS bit)
2026-08-02 22:38:34.082 +03:00 [INF] 🧮 IsDue "Daily" | Id=1 nowHour=22 schedHour=22 lastDate=2026-08-02 nowDate=2026-08-02 → false
2026-08-02 22:38:34.083 +03:00 [INF] 🧮 IsDue "Daily" | Id=2 nowHour=22 schedHour=9 lastDate=2026-08-02 nowDate=2026-08-02 → false
2026-08-02 22:38:34.084 +03:00 [INF] 🧮 IsDue "Manual" | Id=3 nowHour=22 schedHour=9 lastDate=NULL nowDate=2026-08-02 → false
2026-08-02 22:38:34.085 +03:00 [INF] === ScheduledChecks BİTTİ (9ms) ===
2026-08-02 22:39:34.094 +03:00 [INF] === ScheduledChecks BAŞLADI ===
2026-08-02 22:39:34.128 +03:00 [INF] Executed DbCommand (31ms) [Parameters=[], CommandType='"Text"', CommandTimeout='30']
SELECT [s].[Id], [s].[CompanyCode], [s].[EncryptedPassword], [s].[FirmaId], [s].[IsActive], [s].[LastErrorMessage], [s].[LastFailedRunAt], [s].[LastSuccessfulRunAt], [s].[Name], [s].[NotificationEmails], [s].[ScheduleHour], [s].[ScheduleMode], [s].[Username]
FROM [SovosCompanies] AS [s]
WHERE [s].[IsActive] = CAST(1 AS bit)
2026-08-02 22:39:34.130 +03:00 [INF] 🧮 IsDue "Daily" | Id=1 nowHour=22 schedHour=22 lastDate=2026-08-02 nowDate=2026-08-02 → false
2026-08-02 22:39:34.131 +03:00 [INF] 🧮 IsDue "Daily" | Id=2 nowHour=22 schedHour=9 lastDate=2026-08-02 nowDate=2026-08-02 → false
2026-08-02 22:39:34.132 +03:00 [INF] 🧮 IsDue "Manual" | Id=3 nowHour=22 schedHour=9 lastDate=NULL nowDate=2026-08-02 → false
2026-08-02 22:39:34.134 +03:00 [INF] === ScheduledChecks BİTTİ (38ms) ===
2026-08-02 22:40:34.135 +03:00 [INF] === ScheduledChecks BAŞLADI ===
2026-08-02 22:40:34.195 +03:00 [INF] Executed DbCommand (56ms) [Parameters=[], CommandType='"Text"', CommandTimeout='30']
SELECT [s].[Id], [s].[CompanyCode], [s].[EncryptedPassword], [s].[FirmaId], [s].[IsActive], [s].[LastErrorMessage], [s].[LastFailedRunAt], [s].[LastSuccessfulRunAt], [s].[Name], [s].[NotificationEmails], [s].[ScheduleHour], [s].[ScheduleMode], [s].[Username]
FROM [SovosCompanies] AS [s]
WHERE [s].[IsActive] = CAST(1 AS bit)
2026-08-02 22:40:34.198 +03:00 [INF] 🧮 IsDue "Daily" | Id=1 nowHour=22 schedHour=22 lastDate=2026-08-02 nowDate=2026-08-02 → false
2026-08-02 22:40:34.200 +03:00 [INF] 🧮 IsDue "Daily" | Id=2 nowHour=22 schedHour=9 lastDate=2026-08-02 nowDate=2026-08-02 → false
2026-08-02 22:40:34.203 +03:00 [INF] 🧮 IsDue "Manual" | Id=3 nowHour=22 schedHour=9 lastDate=NULL nowDate=2026-08-02 → false
2026-08-02 22:40:34.204 +03:00 [INF] === ScheduledChecks BİTTİ (67ms) ===
2026-08-02 22:41:34.207 +03:00 [INF] === ScheduledChecks BAŞLADI ===
2026-08-02 22:41:34.225 +03:00 [INF] Executed DbCommand (13ms) [Parameters=[], CommandType='"Text"', CommandTimeout='30']
SELECT [s].[Id], [s].[CompanyCode], [s].[EncryptedPassword], [s].[FirmaId], [s].[IsActive], [s].[LastErrorMessage], [s].[LastFailedRunAt], [s].[LastSuccessfulRunAt], [s].[Name], [s].[NotificationEmails], [s].[ScheduleHour], [s].[ScheduleMode], [s].[Username]
FROM [SovosCompanies] AS [s]
WHERE [s].[IsActive] = CAST(1 AS bit)
2026-08-02 22:41:34.226 +03:00 [INF] 🧮 IsDue "Daily" | Id=1 nowHour=22 schedHour=22 lastDate=2026-08-02 nowDate=2026-08-02 → false
2026-08-02 22:41:34.227 +03:00 [INF] 🧮 IsDue "Daily" | Id=2 nowHour=22 schedHour=9 lastDate=2026-08-02 nowDate=2026-08-02 → false
2026-08-02 22:41:34.228 +03:00 [INF] 🧮 IsDue "Manual" | Id=3 nowHour=22 schedHour=9 lastDate=NULL nowDate=2026-08-02 → false
2026-08-02 22:41:34.229 +03:00 [INF] === ScheduledChecks BİTTİ (20ms) ===
2026-08-02 22:42:34.237 +03:00 [INF] === ScheduledChecks BAŞLADI ===
2026-08-02 22:42:34.245 +03:00 [INF] Executed DbCommand (3ms) [Parameters=[], CommandType='"Text"', CommandTimeout='30']
SELECT [s].[Id], [s].[CompanyCode], [s].[EncryptedPassword], [s].[FirmaId], [s].[IsActive], [s].[LastErrorMessage], [s].[LastFailedRunAt], [s].[LastSuccessfulRunAt], [s].[Name], [s].[NotificationEmails], [s].[ScheduleHour], [s].[ScheduleMode], [s].[Username]
FROM [SovosCompanies] AS [s]
WHERE [s].[IsActive] = CAST(1 AS bit)
2026-08-02 22:42:34.246 +03:00 [INF] 🧮 IsDue "Daily" | Id=1 nowHour=22 schedHour=22 lastDate=2026-08-02 nowDate=2026-08-02 → false
2026-08-02 22:42:34.247 +03:00 [INF] 🧮 IsDue "Daily" | Id=2 nowHour=22 schedHour=9 lastDate=2026-08-02 nowDate=2026-08-02 → false
2026-08-02 22:42:34.248 +03:00 [INF] 🧮 IsDue "Manual" | Id=3 nowHour=22 schedHour=9 lastDate=NULL nowDate=2026-08-02 → false
2026-08-02 22:42:34.249 +03:00 [INF] === ScheduledChecks BİTTİ (11ms) ===
2026-08-02 22:43:34.251 +03:00 [INF] === ScheduledChecks BAŞLADI ===
2026-08-02 22:43:34.274 +03:00 [INF] Executed DbCommand (18ms) [Parameters=[], CommandType='"Text"', CommandTimeout='30']
SELECT [s].[Id], [s].[CompanyCode], [s].[EncryptedPassword], [s].[FirmaId], [s].[IsActive], [s].[LastErrorMessage], [s].[LastFailedRunAt], [s].[LastSuccessfulRunAt], [s].[Name], [s].[NotificationEmails], [s].[ScheduleHour], [s].[ScheduleMode], [s].[Username]
FROM [SovosCompanies] AS [s]
WHERE [s].[IsActive] = CAST(1 AS bit)
2026-08-02 22:43:34.276 +03:00 [INF] 🧮 IsDue "Daily" | Id=1 nowHour=22 schedHour=22 lastDate=2026-08-02 nowDate=2026-08-02 → false
2026-08-02 22:43:34.277 +03:00 [INF] 🧮 IsDue "Daily" | Id=2 nowHour=22 schedHour=9 lastDate=2026-08-02 nowDate=2026-08-02 → false
2026-08-02 22:43:34.278 +03:00 [INF] 🧮 IsDue "Manual" | Id=3 nowHour=22 schedHour=9 lastDate=NULL nowDate=2026-08-02 → false
2026-08-02 22:43:34.279 +03:00 [INF] === ScheduledChecks BİTTİ (27ms) ===
2026-08-02 22:44:34.284 +03:00 [INF] === ScheduledChecks BAŞLADI ===
2026-08-02 22:44:34.304 +03:00 [INF] Executed DbCommand (17ms) [Parameters=[], CommandType='"Text"', CommandTimeout='30']
SELECT [s].[Id], [s].[CompanyCode], [s].[EncryptedPassword], [s].[FirmaId], [s].[IsActive], [s].[LastErrorMessage], [s].[LastFailedRunAt], [s].[LastSuccessfulRunAt], [s].[Name], [s].[NotificationEmails], [s].[ScheduleHour], [s].[ScheduleMode], [s].[Username]
FROM [SovosCompanies] AS [s]
WHERE [s].[IsActive] = CAST(1 AS bit)
2026-08-02 22:44:34.306 +03:00 [INF] 🧮 IsDue "Daily" | Id=1 nowHour=22 schedHour=22 lastDate=2026-08-02 nowDate=2026-08-02 → false
2026-08-02 22:44:34.307 +03:00 [INF] 🧮 IsDue "Daily" | Id=2 nowHour=22 schedHour=9 lastDate=2026-08-02 nowDate=2026-08-02 → false
2026-08-02 22:44:34.308 +03:00 [INF] 🧮 IsDue "Manual" | Id=3 nowHour=22 schedHour=9 lastDate=NULL nowDate=2026-08-02 → false
2026-08-02 22:44:34.309 +03:00 [INF] === ScheduledChecks BİTTİ (23ms) ===
2026-08-02 22:45:34.311 +03:00 [INF] === ScheduledChecks BAŞLADI ===
2026-08-02 22:45:34.331 +03:00 [INF] Executed DbCommand (16ms) [Parameters=[], CommandType='"Text"', CommandTimeout='30']
SELECT [s].[Id], [s].[CompanyCode], [s].[EncryptedPassword], [s].[FirmaId], [s].[IsActive], [s].[LastErrorMessage], [s].[LastFailedRunAt], [s].[LastSuccessfulRunAt], [s].[Name], [s].[NotificationEmails], [s].[ScheduleHour], [s].[ScheduleMode], [s].[Username]
FROM [SovosCompanies] AS [s]
WHERE [s].[IsActive] = CAST(1 AS bit)
2026-08-02 22:45:34.332 +03:00 [INF] 🧮 IsDue "Daily" | Id=1 nowHour=22 schedHour=22 lastDate=2026-08-02 nowDate=2026-08-02 → false
2026-08-02 22:45:34.334 +03:00 [INF] 🧮 IsDue "Daily" | Id=2 nowHour=22 schedHour=9 lastDate=2026-08-02 nowDate=2026-08-02 → false
2026-08-02 22:45:34.335 +03:00 [INF] 🧮 IsDue "Manual" | Id=3 nowHour=22 schedHour=9 lastDate=NULL nowDate=2026-08-02 → false
2026-08-02 22:45:34.336 +03:00 [INF] === ScheduledChecks BİTTİ (24ms) ===
2026-08-02 22:46:34.344 +03:00 [INF] === ScheduledChecks BAŞLADI ===
2026-08-02 22:46:34.365 +03:00 [INF] Executed DbCommand (16ms) [Parameters=[], CommandType='"Text"', CommandTimeout='30']
SELECT [s].[Id], [s].[CompanyCode], [s].[EncryptedPassword], [s].[FirmaId], [s].[IsActive], [s].[LastErrorMessage], [s].[LastFailedRunAt], [s].[LastSuccessfulRunAt], [s].[Name], [s].[NotificationEmails], [s].[ScheduleHour], [s].[ScheduleMode], [s].[Username]
FROM [SovosCompanies] AS [s]
WHERE [s].[IsActive] = CAST(1 AS bit)
2026-08-02 22:46:34.366 +03:00 [INF] 🧮 IsDue "Daily" | Id=1 nowHour=22 schedHour=22 lastDate=2026-08-02 nowDate=2026-08-02 → false
2026-08-02 22:46:34.367 +03:00 [INF] 🧮 IsDue "Daily" | Id=2 nowHour=22 schedHour=9 lastDate=2026-08-02 nowDate=2026-08-02 → false
2026-08-02 22:46:34.368 +03:00 [INF] 🧮 IsDue "Manual" | Id=3 nowHour=22 schedHour=9 lastDate=NULL nowDate=2026-08-02 → false
2026-08-02 22:46:34.369 +03:00 [INF] === ScheduledChecks BİTTİ (23ms) ===
2026-08-02 22:47:34.371 +03:00 [INF] === ScheduledChecks BAŞLADI ===
2026-08-02 22:47:34.390 +03:00 [INF] Executed DbCommand (16ms) [Parameters=[], CommandType='"Text"', CommandTimeout='30']
SELECT [s].[Id], [s].[CompanyCode], [s].[EncryptedPassword], [s].[FirmaId], [s].[IsActive], [s].[LastErrorMessage], [s].[LastFailedRunAt], [s].[LastSuccessfulRunAt], [s].[Name], [s].[NotificationEmails], [s].[ScheduleHour], [s].[ScheduleMode], [s].[Username]
FROM [SovosCompanies] AS [s]
WHERE [s].[IsActive] = CAST(1 AS bit)
2026-08-02 22:47:34.392 +03:00 [INF] 🧮 IsDue "Daily" | Id=1 nowHour=22 schedHour=22 lastDate=2026-08-02 nowDate=2026-08-02 → false
2026-08-02 22:47:34.393 +03:00 [INF] 🧮 IsDue "Daily" | Id=2 nowHour=22 schedHour=9 lastDate=2026-08-02 nowDate=2026-08-02 → false
2026-08-02 22:47:34.395 +03:00 [INF] 🧮 IsDue "Manual" | Id=3 nowHour=22 schedHour=9 lastDate=NULL nowDate=2026-08-02 → false
2026-08-02 22:47:34.396 +03:00 [INF] === ScheduledChecks BİTTİ (23ms) ===
2026-08-02 22:48:34.408 +03:00 [INF] === ScheduledChecks BAŞLADI ===
2026-08-02 22:48:34.427 +03:00 [INF] Executed DbCommand (16ms) [Parameters=[], CommandType='"Text"', CommandTimeout='30']
SELECT [s].[Id], [s].[CompanyCode], [s].[EncryptedPassword], [s].[FirmaId], [s].[IsActive], [s].[LastErrorMessage], [s].[LastFailedRunAt], [s].[LastSuccessfulRunAt], [s].[Name], [s].[NotificationEmails], [s].[ScheduleHour], [s].[ScheduleMode], [s].[Username]
FROM [SovosCompanies] AS [s]
WHERE [s].[IsActive] = CAST(1 AS bit)
2026-08-02 22:48:34.428 +03:00 [INF] 🧮 IsDue "Daily" | Id=1 nowHour=22 schedHour=22 lastDate=2026-08-02 nowDate=2026-08-02 → false
2026-08-02 22:48:34.429 +03:00 [INF] 🧮 IsDue "Daily" | Id=2 nowHour=22 schedHour=9 lastDate=2026-08-02 nowDate=2026-08-02 → false
2026-08-02 22:48:34.430 +03:00 [INF] 🧮 IsDue "Manual" | Id=3 nowHour=22 schedHour=9 lastDate=NULL nowDate=2026-08-02 → false
2026-08-02 22:48:34.431 +03:00 [INF] === ScheduledChecks BİTTİ (21ms) ===
2026-08-02 22:49:34.441 +03:00 [INF] === ScheduledChecks BAŞLADI ===
2026-08-02 22:49:34.463 +03:00 [INF] Executed DbCommand (17ms) [Parameters=[], CommandType='"Text"', CommandTimeout='30']
SELECT [s].[Id], [s].[CompanyCode], [s].[EncryptedPassword], [s].[FirmaId], [s].[IsActive], [s].[LastErrorMessage], [s].[LastFailedRunAt], [s].[LastSuccessfulRunAt], [s].[Name], [s].[NotificationEmails], [s].[ScheduleHour], [s].[ScheduleMode], [s].[Username]
FROM [SovosCompanies] AS [s]
WHERE [s].[IsActive] = CAST(1 AS bit)
2026-08-02 22:49:34.464 +03:00 [INF] 🧮 IsDue "Daily" | Id=1 nowHour=22 schedHour=22 lastDate=2026-08-02 nowDate=2026-08-02 → false
2026-08-02 22:49:34.465 +03:00 [INF] 🧮 IsDue "Daily" | Id=2 nowHour=22 schedHour=9 lastDate=2026-08-02 nowDate=2026-08-02 → false
2026-08-02 22:49:34.467 +03:00 [INF] 🧮 IsDue "Manual" | Id=3 nowHour=22 schedHour=9 lastDate=NULL nowDate=2026-08-02 → false
2026-08-02 22:49:34.468 +03:00 [INF] === ScheduledChecks BİTTİ (25ms) ===
2026-08-02 22:50:34.475 +03:00 [INF] === ScheduledChecks BAŞLADI ===
2026-08-02 22:50:34.497 +03:00 [INF] Executed DbCommand (16ms) [Parameters=[], CommandType='"Text"', CommandTimeout='30']
SELECT [s].[Id], [s].[CompanyCode], [s].[EncryptedPassword], [s].[FirmaId], [s].[IsActive], [s].[LastErrorMessage], [s].[LastFailedRunAt], [s].[LastSuccessfulRunAt], [s].[Name], [s].[NotificationEmails], [s].[ScheduleHour], [s].[ScheduleMode], [s].[Username]
FROM [SovosCompanies] AS [s]
WHERE [s].[IsActive] = CAST(1 AS bit)
2026-08-02 22:50:34.499 +03:00 [INF] 🧮 IsDue "Daily" | Id=1 nowHour=22 schedHour=22 lastDate=2026-08-02 nowDate=2026-08-02 → false
2026-08-02 22:50:34.500 +03:00 [INF] 🧮 IsDue "Daily" | Id=2 nowHour=22 schedHour=9 lastDate=2026-08-02 nowDate=2026-08-02 → false
2026-08-02 22:50:34.502 +03:00 [INF] 🧮 IsDue "Manual" | Id=3 nowHour=22 schedHour=9 lastDate=NULL nowDate=2026-08-02 → false
2026-08-02 22:50:34.503 +03:00 [INF] === ScheduledChecks BİTTİ (26ms) ===
2026-08-02 22:51:34.519 +03:00 [INF] === ScheduledChecks BAŞLADI ===
2026-08-02 22:51:34.538 +03:00 [INF] Executed DbCommand (15ms) [Parameters=[], CommandType='"Text"', CommandTimeout='30']
SELECT [s].[Id], [s].[CompanyCode], [s].[EncryptedPassword], [s].[FirmaId], [s].[IsActive], [s].[LastErrorMessage], [s].[LastFailedRunAt], [s].[LastSuccessfulRunAt], [s].[Name], [s].[NotificationEmails], [s].[ScheduleHour], [s].[ScheduleMode], [s].[Username]
FROM [SovosCompanies] AS [s]
WHERE [s].[IsActive] = CAST(1 AS bit)
2026-08-02 22:51:34.540 +03:00 [INF] 🧮 IsDue "Daily" | Id=1 nowHour=22 schedHour=22 lastDate=2026-08-02 nowDate=2026-08-02 → false
2026-08-02 22:51:34.541 +03:00 [INF] 🧮 IsDue "Daily" | Id=2 nowHour=22 schedHour=9 lastDate=2026-08-02 nowDate=2026-08-02 → false
2026-08-02 22:51:34.542 +03:00 [INF] 🧮 IsDue "Manual" | Id=3 nowHour=22 schedHour=9 lastDate=NULL nowDate=2026-08-02 → false
2026-08-02 22:51:34.543 +03:00 [INF] === ScheduledChecks BİTTİ (23ms) ===
2026-08-02 22:52:34.546 +03:00 [INF] === ScheduledChecks BAŞLADI ===
2026-08-02 22:52:34.567 +03:00 [INF] Executed DbCommand (16ms) [Parameters=[], CommandType='"Text"', CommandTimeout='30']
SELECT [s].[Id], [s].[CompanyCode], [s].[EncryptedPassword], [s].[FirmaId], [s].[IsActive], [s].[LastErrorMessage], [s].[LastFailedRunAt], [s].[LastSuccessfulRunAt], [s].[Name], [s].[NotificationEmails], [s].[ScheduleHour], [s].[ScheduleMode], [s].[Username]
FROM [SovosCompanies] AS [s]
WHERE [s].[IsActive] = CAST(1 AS bit)
2026-08-02 22:52:34.569 +03:00 [INF] 🧮 IsDue "Daily" | Id=1 nowHour=22 schedHour=22 lastDate=2026-08-02 nowDate=2026-08-02 → false
2026-08-02 22:52:34.570 +03:00 [INF] 🧮 IsDue "Daily" | Id=2 nowHour=22 schedHour=9 lastDate=2026-08-02 nowDate=2026-08-02 → false
2026-08-02 22:52:34.571 +03:00 [INF] 🧮 IsDue "Manual" | Id=3 nowHour=22 schedHour=9 lastDate=NULL nowDate=2026-08-02 → false
2026-08-02 22:52:34.572 +03:00 [INF] === ScheduledChecks BİTTİ (25ms) ===
2026-08-02 22:53:34.578 +03:00 [INF] === ScheduledChecks BAŞLADI ===
2026-08-02 22:53:34.586 +03:00 [INF] Executed DbCommand (1ms) [Parameters=[], CommandType='"Text"', CommandTimeout='30']
SELECT [s].[Id], [s].[CompanyCode], [s].[EncryptedPassword], [s].[FirmaId], [s].[IsActive], [s].[LastErrorMessage], [s].[LastFailedRunAt], [s].[LastSuccessfulRunAt], [s].[Name], [s].[NotificationEmails], [s].[ScheduleHour], [s].[ScheduleMode], [s].[Username]
FROM [SovosCompanies] AS [s]
WHERE [s].[IsActive] = CAST(1 AS bit)
2026-08-02 22:53:34.587 +03:00 [INF] 🧮 IsDue "Daily" | Id=1 nowHour=22 schedHour=22 lastDate=2026-08-02 nowDate=2026-08-02 → false
2026-08-02 22:53:34.588 +03:00 [INF] 🧮 IsDue "Daily" | Id=2 nowHour=22 schedHour=9 lastDate=2026-08-02 nowDate=2026-08-02 → false
2026-08-02 22:53:34.589 +03:00 [INF] 🧮 IsDue "Manual" | Id=3 nowHour=22 schedHour=9 lastDate=NULL nowDate=2026-08-02 → false
2026-08-02 22:53:34.590 +03:00 [INF] === ScheduledChecks BİTTİ (10ms) ===
2026-08-02 22:54:34.591 +03:00 [INF] === ScheduledChecks BAŞLADI ===
2026-08-02 22:54:34.606 +03:00 [INF] Executed DbCommand (12ms) [Parameters=[], CommandType='"Text"', CommandTimeout='30']
SELECT [s].[Id], [s].[CompanyCode], [s].[EncryptedPassword], [s].[FirmaId], [s].[IsActive], [s].[LastErrorMessage], [s].[LastFailedRunAt], [s].[LastSuccessfulRunAt], [s].[Name], [s].[NotificationEmails], [s].[ScheduleHour], [s].[ScheduleMode], [s].[Username]
FROM [SovosCompanies] AS [s]
WHERE [s].[IsActive] = CAST(1 AS bit)
2026-08-02 22:54:34.607 +03:00 [INF] 🧮 IsDue "Daily" | Id=1 nowHour=22 schedHour=22 lastDate=2026-08-02 nowDate=2026-08-02 → false
2026-08-02 22:54:34.608 +03:00 [INF] 🧮 IsDue "Daily" | Id=2 nowHour=22 schedHour=9 lastDate=2026-08-02 nowDate=2026-08-02 → false
2026-08-02 22:54:34.609 +03:00 [INF] 🧮 IsDue "Manual" | Id=3 nowHour=22 schedHour=9 lastDate=NULL nowDate=2026-08-02 → false
2026-08-02 22:54:34.610 +03:00 [INF] === ScheduledChecks BİTTİ (17ms) ===
2026-08-02 22:55:34.613 +03:00 [INF] === ScheduledChecks BAŞLADI ===
2026-08-02 22:55:34.634 +03:00 [INF] Executed DbCommand (16ms) [Parameters=[], CommandType='"Text"', CommandTimeout='30']
SELECT [s].[Id], [s].[CompanyCode], [s].[EncryptedPassword], [s].[FirmaId], [s].[IsActive], [s].[LastErrorMessage], [s].[LastFailedRunAt], [s].[LastSuccessfulRunAt], [s].[Name], [s].[NotificationEmails], [s].[ScheduleHour], [s].[ScheduleMode], [s].[Username]
FROM [SovosCompanies] AS [s]
WHERE [s].[IsActive] = CAST(1 AS bit)
2026-08-02 22:55:34.635 +03:00 [INF] 🧮 IsDue "Daily" | Id=1 nowHour=22 schedHour=22 lastDate=2026-08-02 nowDate=2026-08-02 → false
2026-08-02 22:55:34.636 +03:00 [INF] 🧮 IsDue "Daily" | Id=2 nowHour=22 schedHour=9 lastDate=2026-08-02 nowDate=2026-08-02 → false
2026-08-02 22:55:34.637 +03:00 [INF] 🧮 IsDue "Manual" | Id=3 nowHour=22 schedHour=9 lastDate=NULL nowDate=2026-08-02 → false
2026-08-02 22:55:34.638 +03:00 [INF] === ScheduledChecks BİTTİ (23ms) ===
2026-08-02 22:56:34.641 +03:00 [INF] === ScheduledChecks BAŞLADI ===
2026-08-02 22:56:34.662 +03:00 [INF] Executed DbCommand (19ms) [Parameters=[], CommandType='"Text"', CommandTimeout='30']
SELECT [s].[Id], [s].[CompanyCode], [s].[EncryptedPassword], [s].[FirmaId], [s].[IsActive], [s].[LastErrorMessage], [s].[LastFailedRunAt], [s].[LastSuccessfulRunAt], [s].[Name], [s].[NotificationEmails], [s].[ScheduleHour], [s].[ScheduleMode], [s].[Username]
FROM [SovosCompanies] AS [s]
WHERE [s].[IsActive] = CAST(1 AS bit)
2026-08-02 22:56:34.663 +03:00 [INF] 🧮 IsDue "Daily" | Id=1 nowHour=22 schedHour=22 lastDate=2026-08-02 nowDate=2026-08-02 → false
2026-08-02 22:56:34.664 +03:00 [INF] 🧮 IsDue "Daily" | Id=2 nowHour=22 schedHour=9 lastDate=2026-08-02 nowDate=2026-08-02 → false
2026-08-02 22:56:34.665 +03:00 [INF] 🧮 IsDue "Manual" | Id=3 nowHour=22 schedHour=9 lastDate=NULL nowDate=2026-08-02 → false
2026-08-02 22:56:34.666 +03:00 [INF] === ScheduledChecks BİTTİ (24ms) ===
2026-08-02 22:57:34.668 +03:00 [INF] === ScheduledChecks BAŞLADI ===
2026-08-02 22:57:34.677 +03:00 [INF] Executed DbCommand (6ms) [Parameters=[], CommandType='"Text"', CommandTimeout='30']
SELECT [s].[Id], [s].[CompanyCode], [s].[EncryptedPassword], [s].[FirmaId], [s].[IsActive], [s].[LastErrorMessage], [s].[LastFailedRunAt], [s].[LastSuccessfulRunAt], [s].[Name], [s].[NotificationEmails], [s].[ScheduleHour], [s].[ScheduleMode], [s].[Username]
FROM [SovosCompanies] AS [s]
WHERE [s].[IsActive] = CAST(1 AS bit)
2026-08-02 22:57:34.678 +03:00 [INF] 🧮 IsDue "Daily" | Id=1 nowHour=22 schedHour=22 lastDate=2026-08-02 nowDate=2026-08-02 → false
2026-08-02 22:57:34.679 +03:00 [INF] 🧮 IsDue "Daily" | Id=2 nowHour=22 schedHour=9 lastDate=2026-08-02 nowDate=2026-08-02 → false
2026-08-02 22:57:34.680 +03:00 [INF] 🧮 IsDue "Manual" | Id=3 nowHour=22 schedHour=9 lastDate=NULL nowDate=2026-08-02 → false
2026-08-02 22:57:34.681 +03:00 [INF] === ScheduledChecks BİTTİ (11ms) ===
2026-08-02 22:58:34.683 +03:00 [INF] === ScheduledChecks BAŞLADI ===
2026-08-02 22:58:34.696 +03:00 [INF] Executed DbCommand (8ms) [Parameters=[], CommandType='"Text"', CommandTimeout='30']
SELECT [s].[Id], [s].[CompanyCode], [s].[EncryptedPassword], [s].[FirmaId], [s].[IsActive], [s].[LastErrorMessage], [s].[LastFailedRunAt], [s].[LastSuccessfulRunAt], [s].[Name], [s].[NotificationEmails], [s].[ScheduleHour], [s].[ScheduleMode], [s].[Username]
FROM [SovosCompanies] AS [s]
WHERE [s].[IsActive] = CAST(1 AS bit)
2026-08-02 22:58:34.697 +03:00 [INF] 🧮 IsDue "Daily" | Id=1 nowHour=22 schedHour=22 lastDate=2026-08-02 nowDate=2026-08-02 → false
2026-08-02 22:58:34.698 +03:00 [INF] 🧮 IsDue "Daily" | Id=2 nowHour=22 schedHour=9 lastDate=2026-08-02 nowDate=2026-08-02 → false
2026-08-02 22:58:34.699 +03:00 [INF] 🧮 IsDue "Manual" | Id=3 nowHour=22 schedHour=9 lastDate=NULL nowDate=2026-08-02 → false
2026-08-02 22:58:34.701 +03:00 [INF] === ScheduledChecks BİTTİ (16ms) ===
2026-08-02 22:59:34.716 +03:00 [INF] === ScheduledChecks BAŞLADI ===
2026-08-02 22:59:34.731 +03:00 [INF] Executed DbCommand (12ms) [Parameters=[], CommandType='"Text"', CommandTimeout='30']
SELECT [s].[Id], [s].[CompanyCode], [s].[EncryptedPassword], [s].[FirmaId], [s].[IsActive], [s].[LastErrorMessage], [s].[LastFailedRunAt], [s].[LastSuccessfulRunAt], [s].[Name], [s].[NotificationEmails], [s].[ScheduleHour], [s].[ScheduleMode], [s].[Username]
FROM [SovosCompanies] AS [s]
WHERE [s].[IsActive] = CAST(1 AS bit)
2026-08-02 22:59:34.732 +03:00 [INF] 🧮 IsDue "Daily" | Id=1 nowHour=22 schedHour=22 lastDate=2026-08-02 nowDate=2026-08-02 → false
2026-08-02 22:59:34.733 +03:00 [INF] 🧮 IsDue "Daily" | Id=2 nowHour=22 schedHour=9 lastDate=2026-08-02 nowDate=2026-08-02 → false
2026-08-02 22:59:34.734 +03:00 [INF] 🧮 IsDue "Manual" | Id=3 nowHour=22 schedHour=9 lastDate=NULL nowDate=2026-08-02 → false
2026-08-02 22:59:34.735 +03:00 [INF] === ScheduledChecks BİTTİ (18ms) ===
2026-08-02 23:00:34.749 +03:00 [INF] === ScheduledChecks BAŞLADI ===
2026-08-02 23:00:34.771 +03:00 [INF] Executed DbCommand (20ms) [Parameters=[], CommandType='"Text"', CommandTimeout='30']
SELECT [s].[Id], [s].[CompanyCode], [s].[EncryptedPassword], [s].[FirmaId], [s].[IsActive], [s].[LastErrorMessage], [s].[LastFailedRunAt], [s].[LastSuccessfulRunAt], [s].[Name], [s].[NotificationEmails], [s].[ScheduleHour], [s].[ScheduleMode], [s].[Username]
FROM [SovosCompanies] AS [s]
WHERE [s].[IsActive] = CAST(1 AS bit)
2026-08-02 23:00:34.772 +03:00 [INF] 🧮 IsDue "Daily" | Id=1 nowHour=23 schedHour=22 lastDate=2026-08-02 nowDate=2026-08-02 → false
2026-08-02 23:00:34.773 +03:00 [INF] 🧮 IsDue "Daily" | Id=2 nowHour=23 schedHour=9 lastDate=2026-08-02 nowDate=2026-08-02 → false
2026-08-02 23:00:34.774 +03:00 [INF] 🧮 IsDue "Manual" | Id=3 nowHour=23 schedHour=9 lastDate=NULL nowDate=2026-08-02 → false
2026-08-02 23:00:34.776 +03:00 [INF] === ScheduledChecks BİTTİ (26ms) ===
2026-08-02 23:01:34.782 +03:00 [INF] === ScheduledChecks BAŞLADI ===
2026-08-02 23:01:34.790 +03:00 [INF] Executed DbCommand (6ms) [Parameters=[], CommandType='"Text"', CommandTimeout='30']
SELECT [s].[Id], [s].[CompanyCode], [s].[EncryptedPassword], [s].[FirmaId], [s].[IsActive], [s].[LastErrorMessage], [s].[LastFailedRunAt], [s].[LastSuccessfulRunAt], [s].[Name], [s].[NotificationEmails], [s].[ScheduleHour], [s].[ScheduleMode], [s].[Username]
FROM [SovosCompanies] AS [s]
WHERE [s].[IsActive] = CAST(1 AS bit)
2026-08-02 23:01:34.791 +03:00 [INF] 🧮 IsDue "Daily" | Id=1 nowHour=23 schedHour=22 lastDate=2026-08-02 nowDate=2026-08-02 → false
2026-08-02 23:01:34.792 +03:00 [INF] 🧮 IsDue "Daily" | Id=2 nowHour=23 schedHour=9 lastDate=2026-08-02 nowDate=2026-08-02 → false
2026-08-02 23:01:34.793 +03:00 [INF] 🧮 IsDue "Manual" | Id=3 nowHour=23 schedHour=9 lastDate=NULL nowDate=2026-08-02 → false
2026-08-02 23:01:34.795 +03:00 [INF] === ScheduledChecks BİTTİ (11ms) ===
2026-08-02 23:02:34.805 +03:00 [INF] === ScheduledChecks BAŞLADI ===
2026-08-02 23:02:34.815 +03:00 [INF] Executed DbCommand (8ms) [Parameters=[], CommandType='"Text"', CommandTimeout='30']
SELECT [s].[Id], [s].[CompanyCode], [s].[EncryptedPassword], [s].[FirmaId], [s].[IsActive], [s].[LastErrorMessage], [s].[LastFailedRunAt], [s].[LastSuccessfulRunAt], [s].[Name], [s].[NotificationEmails], [s].[ScheduleHour], [s].[ScheduleMode], [s].[Username]
FROM [SovosCompanies] AS [s]
WHERE [s].[IsActive] = CAST(1 AS bit)
2026-08-02 23:02:34.816 +03:00 [INF] 🧮 IsDue "Daily" | Id=1 nowHour=23 schedHour=22 lastDate=2026-08-02 nowDate=2026-08-02 → false
2026-08-02 23:02:34.817 +03:00 [INF] 🧮 IsDue "Daily" | Id=2 nowHour=23 schedHour=9 lastDate=2026-08-02 nowDate=2026-08-02 → false
2026-08-02 23:02:34.818 +03:00 [INF] 🧮 IsDue "Manual" | Id=3 nowHour=23 schedHour=9 lastDate=NULL nowDate=2026-08-02 → false
2026-08-02 23:02:34.819 +03:00 [INF] === ScheduledChecks BİTTİ (13ms) ===
2026-08-02 23:24:12.891 +03:00 [INF] Executed DbCommand (27ms) [Parameters=[], CommandType='"Text"', CommandTimeout='30']
SELECT 1
2026-08-02 23:24:13.023 +03:00 [INF] Executed DbCommand (19ms) [Parameters=[], CommandType='"Text"', CommandTimeout='30']
SELECT OBJECT_ID(N'[__EFMigrationsHistory]');
2026-08-02 23:24:13.032 +03:00 [INF] Executed DbCommand (1ms) [Parameters=[], CommandType='"Text"', CommandTimeout='30']
SELECT 1
2026-08-02 23:24:13.038 +03:00 [INF] Executed DbCommand (1ms) [Parameters=[], CommandType='"Text"', CommandTimeout='30']
SELECT OBJECT_ID(N'[__EFMigrationsHistory]');
2026-08-02 23:24:13.067 +03:00 [INF] Executed DbCommand (3ms) [Parameters=[], CommandType='"Text"', CommandTimeout='30']
SELECT [MigrationId], [ProductVersion]
FROM [__EFMigrationsHistory]
ORDER BY [MigrationId];
2026-08-02 23:24:13.204 +03:00 [INF] No migrations were applied. The database is already up to date.
2026-08-02 23:24:13.528 +03:00 [INF] InvoiceCheckWorker başladı. InitialDelay=30sn
2026-08-02 23:24:13.749 +03:00 [WRN] Overriding address(es) 'http://localhost:5011'. Binding to endpoints defined via IConfiguration and/or UseKestrel() instead.
2026-08-02 23:24:13.769 +03:00 [INF] Now listening on: http://localhost:5011
2026-08-02 23:24:13.875 +03:00 [INF] Application started. Press Ctrl+C to shut down.
2026-08-02 23:24:13.883 +03:00 [INF] Hosting environment: Development
2026-08-02 23:24:13.885 +03:00 [INF] Content root path: C:\GitHub\CengizMicroService\Sovos\Sovos.InvoiceWorker
2026-08-02 23:24:43.609 +03:00 [INF] === ScheduledChecks BAŞLADI ===
2026-08-02 23:24:43.921 +03:00 [INF] Executed DbCommand (25ms) [Parameters=[], CommandType='"Text"', CommandTimeout='30']
SELECT [s].[Id], [s].[CompanyCode], [s].[EncryptedPassword], [s].[FirmaId], [s].[IsActive], [s].[LastErrorMessage], [s].[LastFailedRunAt], [s].[LastSuccessfulRunAt], [s].[Name], [s].[NotificationEmails], [s].[ScheduleHour], [s].[ScheduleMode], [s].[Username]
FROM [SovosCompanies] AS [s]
WHERE [s].[IsActive] = CAST(1 AS bit)
2026-08-02 23:24:44.021 +03:00 [INF] 🧮 IsDue "Daily" | Id=1 nowHour=23 schedHour=22 lastDate=2026-08-02 nowDate=2026-08-02 → false
2026-08-02 23:24:44.024 +03:00 [INF] 🧮 IsDue "Daily" | Id=2 nowHour=23 schedHour=9 lastDate=2026-08-02 nowDate=2026-08-02 → false
2026-08-02 23:24:44.026 +03:00 [INF] 🧮 IsDue "Manual" | Id=3 nowHour=23 schedHour=9 lastDate=NULL nowDate=2026-08-02 → false
2026-08-02 23:24:44.028 +03:00 [INF] === ScheduledChecks BİTTİ (416ms) ===
2026-08-02 23:25:44.069 +03:00 [INF] === ScheduledChecks BAŞLADI ===
2026-08-02 23:25:44.128 +03:00 [INF] Executed DbCommand (3ms) [Parameters=[], CommandType='"Text"', CommandTimeout='30']
SELECT [s].[Id], [s].[CompanyCode], [s].[EncryptedPassword], [s].[FirmaId], [s].[IsActive], [s].[LastErrorMessage], [s].[LastFailedRunAt], [s].[LastSuccessfulRunAt], [s].[Name], [s].[NotificationEmails], [s].[ScheduleHour], [s].[ScheduleMode], [s].[Username]
FROM [SovosCompanies] AS [s]
WHERE [s].[IsActive] = CAST(1 AS bit)
2026-08-02 23:25:44.131 +03:00 [INF] 🧮 IsDue "Daily" | Id=1 nowHour=23 schedHour=22 lastDate=2026-08-02 nowDate=2026-08-02 → false
2026-08-02 23:25:44.133 +03:00 [INF] 🧮 IsDue "Daily" | Id=2 nowHour=23 schedHour=9 lastDate=2026-08-02 nowDate=2026-08-02 → false
2026-08-02 23:25:44.135 +03:00 [INF] 🧮 IsDue "Manual" | Id=3 nowHour=23 schedHour=9 lastDate=NULL nowDate=2026-08-02 → false
2026-08-02 23:25:44.138 +03:00 [INF] === ScheduledChecks BİTTİ (64ms) ===
2026-08-02 23:26:44.150 +03:00 [INF] === ScheduledChecks BAŞLADI ===
2026-08-02 23:26:44.154 +03:00 [INF] Executed DbCommand (2ms) [Parameters=[], CommandType='"Text"', CommandTimeout='30']
SELECT [s].[Id], [s].[CompanyCode], [s].[EncryptedPassword], [s].[FirmaId], [s].[IsActive], [s].[LastErrorMessage], [s].[LastFailedRunAt], [s].[LastSuccessfulRunAt], [s].[Name], [s].[NotificationEmails], [s].[ScheduleHour], [s].[ScheduleMode], [s].[Username]
FROM [SovosCompanies] AS [s]
WHERE [s].[IsActive] = CAST(1 AS bit)
2026-08-02 23:26:44.156 +03:00 [INF] 🧮 IsDue "Daily" | Id=1 nowHour=23 schedHour=22 lastDate=2026-08-02 nowDate=2026-08-02 → false
2026-08-02 23:26:44.157 +03:00 [INF] 🧮 IsDue "Daily" | Id=2 nowHour=23 schedHour=9 lastDate=2026-08-02 nowDate=2026-08-02 → false
2026-08-02 23:26:44.158 +03:00 [INF] 🧮 IsDue "Manual" | Id=3 nowHour=23 schedHour=9 lastDate=NULL nowDate=2026-08-02 → false
2026-08-02 23:26:44.159 +03:00 [INF] === ScheduledChecks BİTTİ (8ms) ===
2026-08-02 23:27:44.164 +03:00 [INF] === ScheduledChecks BAŞLADI ===
2026-08-02 23:27:44.180 +03:00 [INF] Executed DbCommand (7ms) [Parameters=[], CommandType='"Text"', CommandTimeout='30']
SELECT [s].[Id], [s].[CompanyCode], [s].[EncryptedPassword], [s].[FirmaId], [s].[IsActive], [s].[LastErrorMessage], [s].[LastFailedRunAt], [s].[LastSuccessfulRunAt], [s].[Name], [s].[NotificationEmails], [s].[ScheduleHour], [s].[ScheduleMode], [s].[Username]
FROM [SovosCompanies] AS [s]
WHERE [s].[IsActive] = CAST(1 AS bit)
2026-08-02 23:27:44.182 +03:00 [INF] 🧮 IsDue "Daily" | Id=1 nowHour=23 schedHour=22 lastDate=2026-08-02 nowDate=2026-08-02 → false
2026-08-02 23:27:44.183 +03:00 [INF] 🧮 IsDue "Daily" | Id=2 nowHour=23 schedHour=9 lastDate=2026-08-02 nowDate=2026-08-02 → false
2026-08-02 23:27:44.185 +03:00 [INF] 🧮 IsDue "Manual" | Id=3 nowHour=23 schedHour=9 lastDate=NULL nowDate=2026-08-02 → false
2026-08-02 23:27:44.186 +03:00 [INF] === ScheduledChecks BİTTİ (20ms) ===
2026-08-02 23:28:44.195 +03:00 [INF] === ScheduledChecks BAŞLADI ===
2026-08-02 23:28:44.207 +03:00 [INF] Executed DbCommand (5ms) [Parameters=[], CommandType='"Text"', CommandTimeout='30']
SELECT [s].[Id], [s].[CompanyCode], [s].[EncryptedPassword], [s].[FirmaId], [s].[IsActive], [s].[LastErrorMessage], [s].[LastFailedRunAt], [s].[LastSuccessfulRunAt], [s].[Name], [s].[NotificationEmails], [s].[ScheduleHour], [s].[ScheduleMode], [s].[Username]
FROM [SovosCompanies] AS [s]
WHERE [s].[IsActive] = CAST(1 AS bit)
2026-08-02 23:28:44.208 +03:00 [INF] 🧮 IsDue "Daily" | Id=1 nowHour=23 schedHour=22 lastDate=2026-08-02 nowDate=2026-08-02 → false
2026-08-02 23:28:44.209 +03:00 [INF] 🧮 IsDue "Daily" | Id=2 nowHour=23 schedHour=9 lastDate=2026-08-02 nowDate=2026-08-02 → false
2026-08-02 23:28:44.211 +03:00 [INF] 🧮 IsDue "Manual" | Id=3 nowHour=23 schedHour=9 lastDate=NULL nowDate=2026-08-02 → false
2026-08-02 23:28:44.212 +03:00 [INF] === ScheduledChecks BİTTİ (15ms) ===
