2026-09-27 00:56:56.295 +03:00 [INF] Executed DbCommand (21ms) [Parameters=[], CommandType='"Text"', CommandTimeout='30']
SELECT 1
2026-09-27 00:56:56.365 +03:00 [INF] Executed DbCommand (13ms) [Parameters=[], CommandType='"Text"', CommandTimeout='30']
SELECT OBJECT_ID(N'[__EFMigrationsHistory]');
2026-09-27 00:56:56.370 +03:00 [INF] Executed DbCommand (1ms) [Parameters=[], CommandType='"Text"', CommandTimeout='30']
SELECT 1
2026-09-27 00:56:56.374 +03:00 [INF] Executed DbCommand (1ms) [Parameters=[], CommandType='"Text"', CommandTimeout='30']
SELECT OBJECT_ID(N'[__EFMigrationsHistory]');
2026-09-27 00:56:56.398 +03:00 [INF] Executed DbCommand (3ms) [Parameters=[], CommandType='"Text"', CommandTimeout='30']
SELECT [MigrationId], [ProductVersion]
FROM [__EFMigrationsHistory]
ORDER BY [MigrationId];
2026-09-27 00:56:56.475 +03:00 [INF] No migrations were applied. The database is already up to date.
2026-09-27 00:56:56.741 +03:00 [INF] InvoiceCheckWorker başladı. InitialDelay=30sn
2026-09-27 00:56:56.974 +03:00 [WRN] Overriding address(es) 'http://localhost:5011'. Binding to endpoints defined via IConfiguration and/or UseKestrel() instead.
2026-09-27 00:56:56.992 +03:00 [INF] Now listening on: http://localhost:5011
2026-09-27 00:56:57.106 +03:00 [INF] Application started. Press Ctrl+C to shut down.
2026-09-27 00:56:57.108 +03:00 [INF] Hosting environment: Development
2026-09-27 00:56:57.114 +03:00 [INF] Content root path: C:\GitHub\CengizMicroService\Sovos\Sovos.InvoiceWorker
2026-09-27 00:57:26.780 +03:00 [INF] === ScheduledChecks BAŞLADI ===
2026-09-27 00:57:27.086 +03:00 [INF] Executed DbCommand (18ms) [Parameters=[], CommandType='"Text"', CommandTimeout='30']
SELECT [s].[Id], [s].[CompanyCode], [s].[EncryptedPassword], [s].[FirmaId], [s].[IsActive], [s].[LastErrorMessage], [s].[LastFailedRunAt], [s].[LastSuccessfulRunAt], [s].[Name], [s].[NotificationEmails], [s].[ScheduleHour], [s].[ScheduleMode], [s].[Username]
FROM [SovosCompanies] AS [s]
WHERE [s].[IsActive] = CAST(1 AS bit)
2026-09-27 00:57:27.158 +03:00 [INF] 🧮 IsDue "Daily" | Id=1 nowHour=0 schedHour=22 lastDate=2026-09-26 nowDate=2026-09-27 → false
2026-09-27 00:57:27.162 +03:00 [INF] 🧮 IsDue "Daily" | Id=2 nowHour=0 schedHour=9 lastDate=2026-09-26 nowDate=2026-09-27 → false
2026-09-27 00:57:27.163 +03:00 [INF] 🧮 IsDue "Manual" | Id=3 nowHour=0 schedHour=9 lastDate=NULL nowDate=2026-09-27 → false
2026-09-27 00:57:27.165 +03:00 [INF] === ScheduledChecks BİTTİ (383ms) ===
2026-09-27 00:58:27.235 +03:00 [INF] === ScheduledChecks BAŞLADI ===
2026-09-27 00:58:27.286 +03:00 [INF] Executed DbCommand (3ms) [Parameters=[], CommandType='"Text"', CommandTimeout='30']
SELECT [s].[Id], [s].[CompanyCode], [s].[EncryptedPassword], [s].[FirmaId], [s].[IsActive], [s].[LastErrorMessage], [s].[LastFailedRunAt], [s].[LastSuccessfulRunAt], [s].[Name], [s].[NotificationEmails], [s].[ScheduleHour], [s].[ScheduleMode], [s].[Username]
FROM [SovosCompanies] AS [s]
WHERE [s].[IsActive] = CAST(1 AS bit)
2026-09-27 00:58:27.288 +03:00 [INF] 🧮 IsDue "Daily" | Id=1 nowHour=0 schedHour=22 lastDate=2026-09-26 nowDate=2026-09-27 → false
2026-09-27 00:58:27.290 +03:00 [INF] 🧮 IsDue "Daily" | Id=2 nowHour=0 schedHour=9 lastDate=2026-09-26 nowDate=2026-09-27 → false
2026-09-27 00:58:27.292 +03:00 [INF] 🧮 IsDue "Manual" | Id=3 nowHour=0 schedHour=9 lastDate=NULL nowDate=2026-09-27 → false
2026-09-27 00:58:27.293 +03:00 [INF] === ScheduledChecks BİTTİ (53ms) ===
2026-09-27 00:59:27.314 +03:00 [INF] === ScheduledChecks BAŞLADI ===
2026-09-27 00:59:27.321 +03:00 [INF] Executed DbCommand (3ms) [Parameters=[], CommandType='"Text"', CommandTimeout='30']
SELECT [s].[Id], [s].[CompanyCode], [s].[EncryptedPassword], [s].[FirmaId], [s].[IsActive], [s].[LastErrorMessage], [s].[LastFailedRunAt], [s].[LastSuccessfulRunAt], [s].[Name], [s].[NotificationEmails], [s].[ScheduleHour], [s].[ScheduleMode], [s].[Username]
FROM [SovosCompanies] AS [s]
WHERE [s].[IsActive] = CAST(1 AS bit)
2026-09-27 00:59:27.323 +03:00 [INF] 🧮 IsDue "Daily" | Id=1 nowHour=0 schedHour=22 lastDate=2026-09-26 nowDate=2026-09-27 → false
2026-09-27 00:59:27.324 +03:00 [INF] 🧮 IsDue "Daily" | Id=2 nowHour=0 schedHour=9 lastDate=2026-09-26 nowDate=2026-09-27 → false
2026-09-27 00:59:27.325 +03:00 [INF] 🧮 IsDue "Manual" | Id=3 nowHour=0 schedHour=9 lastDate=NULL nowDate=2026-09-27 → false
2026-09-27 00:59:27.326 +03:00 [INF] === ScheduledChecks BİTTİ (9ms) ===
2026-09-27 01:00:27.335 +03:00 [INF] === ScheduledChecks BAŞLADI ===
2026-09-27 01:00:27.347 +03:00 [INF] Executed DbCommand (5ms) [Parameters=[], CommandType='"Text"', CommandTimeout='30']
SELECT [s].[Id], [s].[CompanyCode], [s].[EncryptedPassword], [s].[FirmaId], [s].[IsActive], [s].[LastErrorMessage], [s].[LastFailedRunAt], [s].[LastSuccessfulRunAt], [s].[Name], [s].[NotificationEmails], [s].[ScheduleHour], [s].[ScheduleMode], [s].[Username]
FROM [SovosCompanies] AS [s]
WHERE [s].[IsActive] = CAST(1 AS bit)
2026-09-27 01:00:27.349 +03:00 [INF] 🧮 IsDue "Daily" | Id=1 nowHour=1 schedHour=22 lastDate=2026-09-26 nowDate=2026-09-27 → false
2026-09-27 01:00:27.350 +03:00 [INF] 🧮 IsDue "Daily" | Id=2 nowHour=1 schedHour=9 lastDate=2026-09-26 nowDate=2026-09-27 → false
2026-09-27 01:00:27.351 +03:00 [INF] 🧮 IsDue "Manual" | Id=3 nowHour=1 schedHour=9 lastDate=NULL nowDate=2026-09-27 → false
2026-09-27 01:00:27.352 +03:00 [INF] === ScheduledChecks BİTTİ (16ms) ===
2026-09-27 01:01:27.355 +03:00 [INF] === ScheduledChecks BAŞLADI ===
2026-09-27 01:01:27.363 +03:00 [INF] Executed DbCommand (2ms) [Parameters=[], CommandType='"Text"', CommandTimeout='30']
SELECT [s].[Id], [s].[CompanyCode], [s].[EncryptedPassword], [s].[FirmaId], [s].[IsActive], [s].[LastErrorMessage], [s].[LastFailedRunAt], [s].[LastSuccessfulRunAt], [s].[Name], [s].[NotificationEmails], [s].[ScheduleHour], [s].[ScheduleMode], [s].[Username]
FROM [SovosCompanies] AS [s]
WHERE [s].[IsActive] = CAST(1 AS bit)
2026-09-27 01:01:27.365 +03:00 [INF] 🧮 IsDue "Daily" | Id=1 nowHour=1 schedHour=22 lastDate=2026-09-26 nowDate=2026-09-27 → false
2026-09-27 01:01:27.366 +03:00 [INF] 🧮 IsDue "Daily" | Id=2 nowHour=1 schedHour=9 lastDate=2026-09-26 nowDate=2026-09-27 → false
2026-09-27 01:01:27.367 +03:00 [INF] 🧮 IsDue "Manual" | Id=3 nowHour=1 schedHour=9 lastDate=NULL nowDate=2026-09-27 → false
2026-09-27 01:01:27.368 +03:00 [INF] === ScheduledChecks BİTTİ (12ms) ===
2026-09-27 01:02:27.383 +03:00 [INF] === ScheduledChecks BAŞLADI ===
2026-09-27 01:02:27.418 +03:00 [INF] Executed DbCommand (29ms) [Parameters=[], CommandType='"Text"', CommandTimeout='30']
SELECT [s].[Id], [s].[CompanyCode], [s].[EncryptedPassword], [s].[FirmaId], [s].[IsActive], [s].[LastErrorMessage], [s].[LastFailedRunAt], [s].[LastSuccessfulRunAt], [s].[Name], [s].[NotificationEmails], [s].[ScheduleHour], [s].[ScheduleMode], [s].[Username]
FROM [SovosCompanies] AS [s]
WHERE [s].[IsActive] = CAST(1 AS bit)
2026-09-27 01:02:27.420 +03:00 [INF] 🧮 IsDue "Daily" | Id=1 nowHour=1 schedHour=22 lastDate=2026-09-26 nowDate=2026-09-27 → false
2026-09-27 01:02:27.421 +03:00 [INF] 🧮 IsDue "Daily" | Id=2 nowHour=1 schedHour=9 lastDate=2026-09-26 nowDate=2026-09-27 → false
2026-09-27 01:02:27.422 +03:00 [INF] 🧮 IsDue "Manual" | Id=3 nowHour=1 schedHour=9 lastDate=NULL nowDate=2026-09-27 → false
2026-09-27 01:02:27.423 +03:00 [INF] === ScheduledChecks BİTTİ (38ms) ===
2026-09-27 01:03:27.432 +03:00 [INF] === ScheduledChecks BAŞLADI ===
2026-09-27 01:03:27.453 +03:00 [INF] Executed DbCommand (7ms) [Parameters=[], CommandType='"Text"', CommandTimeout='30']
SELECT [s].[Id], [s].[CompanyCode], [s].[EncryptedPassword], [s].[FirmaId], [s].[IsActive], [s].[LastErrorMessage], [s].[LastFailedRunAt], [s].[LastSuccessfulRunAt], [s].[Name], [s].[NotificationEmails], [s].[ScheduleHour], [s].[ScheduleMode], [s].[Username]
FROM [SovosCompanies] AS [s]
WHERE [s].[IsActive] = CAST(1 AS bit)
2026-09-27 01:03:27.455 +03:00 [INF] 🧮 IsDue "Daily" | Id=1 nowHour=1 schedHour=22 lastDate=2026-09-26 nowDate=2026-09-27 → false
2026-09-27 01:03:27.457 +03:00 [INF] 🧮 IsDue "Daily" | Id=2 nowHour=1 schedHour=9 lastDate=2026-09-26 nowDate=2026-09-27 → false
2026-09-27 01:03:27.459 +03:00 [INF] 🧮 IsDue "Manual" | Id=3 nowHour=1 schedHour=9 lastDate=NULL nowDate=2026-09-27 → false
2026-09-27 01:03:27.462 +03:00 [INF] === ScheduledChecks BİTTİ (28ms) ===
2026-09-27 01:11:44.374 +03:00 [INF] Executed DbCommand (15ms) [Parameters=[], CommandType='"Text"', CommandTimeout='30']
SELECT 1
2026-09-27 01:11:44.438 +03:00 [INF] Executed DbCommand (12ms) [Parameters=[], CommandType='"Text"', CommandTimeout='30']
SELECT OBJECT_ID(N'[__EFMigrationsHistory]');
2026-09-27 01:11:44.443 +03:00 [INF] Executed DbCommand (1ms) [Parameters=[], CommandType='"Text"', CommandTimeout='30']
SELECT 1
2026-09-27 01:11:44.446 +03:00 [INF] Executed DbCommand (1ms) [Parameters=[], CommandType='"Text"', CommandTimeout='30']
SELECT OBJECT_ID(N'[__EFMigrationsHistory]');
2026-09-27 01:11:44.469 +03:00 [INF] Executed DbCommand (4ms) [Parameters=[], CommandType='"Text"', CommandTimeout='30']
SELECT [MigrationId], [ProductVersion]
FROM [__EFMigrationsHistory]
ORDER BY [MigrationId];
2026-09-27 01:11:44.521 +03:00 [INF] No migrations were applied. The database is already up to date.
2026-09-27 01:11:44.769 +03:00 [INF] InvoiceCheckWorker başladı. InitialDelay=30sn
2026-09-27 01:11:44.965 +03:00 [WRN] Overriding address(es) 'http://localhost:5011'. Binding to endpoints defined via IConfiguration and/or UseKestrel() instead.
2026-09-27 01:11:44.977 +03:00 [INF] Now listening on: http://localhost:5011
2026-09-27 01:11:45.023 +03:00 [INF] Application started. Press Ctrl+C to shut down.
2026-09-27 01:11:45.025 +03:00 [INF] Hosting environment: Development
2026-09-27 01:11:45.026 +03:00 [INF] Content root path: C:\GitHub\CengizMicroService\Sovos\Sovos.InvoiceWorker
2026-09-27 01:12:14.804 +03:00 [INF] === ScheduledChecks BAŞLADI ===
2026-09-27 01:12:15.067 +03:00 [INF] Executed DbCommand (22ms) [Parameters=[], CommandType='"Text"', CommandTimeout='30']
SELECT [s].[Id], [s].[CompanyCode], [s].[EncryptedPassword], [s].[FirmaId], [s].[IsActive], [s].[LastErrorMessage], [s].[LastFailedRunAt], [s].[LastSuccessfulRunAt], [s].[Name], [s].[NotificationEmails], [s].[ScheduleHour], [s].[ScheduleMode], [s].[Username]
FROM [SovosCompanies] AS [s]
WHERE [s].[IsActive] = CAST(1 AS bit)
2026-09-27 01:12:15.127 +03:00 [INF] 🧮 IsDue "Daily" | Id=1 nowHour=1 schedHour=22 lastDate=2026-09-26 nowDate=2026-09-27 → false
2026-09-27 01:12:15.131 +03:00 [INF] 🧮 IsDue "Daily" | Id=2 nowHour=1 schedHour=9 lastDate=2026-09-26 nowDate=2026-09-27 → false
2026-09-27 01:12:15.133 +03:00 [INF] 🧮 IsDue "Manual" | Id=3 nowHour=1 schedHour=9 lastDate=NULL nowDate=2026-09-27 → false
2026-09-27 01:12:15.134 +03:00 [INF] === ScheduledChecks BİTTİ (329ms) ===
2026-09-27 01:13:15.177 +03:00 [INF] === ScheduledChecks BAŞLADI ===
2026-09-27 01:13:15.223 +03:00 [INF] Executed DbCommand (3ms) [Parameters=[], CommandType='"Text"', CommandTimeout='30']
SELECT [s].[Id], [s].[CompanyCode], [s].[EncryptedPassword], [s].[FirmaId], [s].[IsActive], [s].[LastErrorMessage], [s].[LastFailedRunAt], [s].[LastSuccessfulRunAt], [s].[Name], [s].[NotificationEmails], [s].[ScheduleHour], [s].[ScheduleMode], [s].[Username]
FROM [SovosCompanies] AS [s]
WHERE [s].[IsActive] = CAST(1 AS bit)
2026-09-27 01:13:15.225 +03:00 [INF] 🧮 IsDue "Daily" | Id=1 nowHour=1 schedHour=22 lastDate=2026-09-26 nowDate=2026-09-27 → false
2026-09-27 01:13:15.227 +03:00 [INF] 🧮 IsDue "Daily" | Id=2 nowHour=1 schedHour=9 lastDate=2026-09-26 nowDate=2026-09-27 → false
2026-09-27 01:13:15.228 +03:00 [INF] 🧮 IsDue "Manual" | Id=3 nowHour=1 schedHour=9 lastDate=NULL nowDate=2026-09-27 → false
2026-09-27 01:13:15.230 +03:00 [INF] === ScheduledChecks BİTTİ (48ms) ===
2026-09-27 01:14:15.245 +03:00 [INF] === ScheduledChecks BAŞLADI ===
2026-09-27 01:14:15.251 +03:00 [INF] Executed DbCommand (2ms) [Parameters=[], CommandType='"Text"', CommandTimeout='30']
SELECT [s].[Id], [s].[CompanyCode], [s].[EncryptedPassword], [s].[FirmaId], [s].[IsActive], [s].[LastErrorMessage], [s].[LastFailedRunAt], [s].[LastSuccessfulRunAt], [s].[Name], [s].[NotificationEmails], [s].[ScheduleHour], [s].[ScheduleMode], [s].[Username]
FROM [SovosCompanies] AS [s]
WHERE [s].[IsActive] = CAST(1 AS bit)
2026-09-27 01:14:15.253 +03:00 [INF] 🧮 IsDue "Daily" | Id=1 nowHour=1 schedHour=22 lastDate=2026-09-26 nowDate=2026-09-27 → false
2026-09-27 01:14:15.255 +03:00 [INF] 🧮 IsDue "Daily" | Id=2 nowHour=1 schedHour=9 lastDate=2026-09-26 nowDate=2026-09-27 → false
2026-09-27 01:14:15.256 +03:00 [INF] 🧮 IsDue "Manual" | Id=3 nowHour=1 schedHour=9 lastDate=NULL nowDate=2026-09-27 → false
2026-09-27 01:14:15.258 +03:00 [INF] === ScheduledChecks BİTTİ (10ms) ===
2026-09-27 01:15:15.266 +03:00 [INF] === ScheduledChecks BAŞLADI ===
2026-09-27 01:15:15.275 +03:00 [INF] Executed DbCommand (2ms) [Parameters=[], CommandType='"Text"', CommandTimeout='30']
SELECT [s].[Id], [s].[CompanyCode], [s].[EncryptedPassword], [s].[FirmaId], [s].[IsActive], [s].[LastErrorMessage], [s].[LastFailedRunAt], [s].[LastSuccessfulRunAt], [s].[Name], [s].[NotificationEmails], [s].[ScheduleHour], [s].[ScheduleMode], [s].[Username]
FROM [SovosCompanies] AS [s]
WHERE [s].[IsActive] = CAST(1 AS bit)
2026-09-27 01:15:15.276 +03:00 [INF] 🧮 IsDue "Daily" | Id=1 nowHour=1 schedHour=22 lastDate=2026-09-26 nowDate=2026-09-27 → false
2026-09-27 01:15:15.277 +03:00 [INF] 🧮 IsDue "Daily" | Id=2 nowHour=1 schedHour=9 lastDate=2026-09-26 nowDate=2026-09-27 → false
2026-09-27 01:15:15.278 +03:00 [INF] 🧮 IsDue "Manual" | Id=3 nowHour=1 schedHour=9 lastDate=NULL nowDate=2026-09-27 → false
2026-09-27 01:15:15.279 +03:00 [INF] === ScheduledChecks BİTTİ (12ms) ===
2026-09-27 01:38:13.531 +03:00 [INF] Executed DbCommand (20ms) [Parameters=[], CommandType='"Text"', CommandTimeout='30']
SELECT 1
2026-09-27 01:38:13.622 +03:00 [INF] Executed DbCommand (15ms) [Parameters=[], CommandType='"Text"', CommandTimeout='30']
SELECT OBJECT_ID(N'[__EFMigrationsHistory]');
2026-09-27 01:38:13.628 +03:00 [INF] Executed DbCommand (1ms) [Parameters=[], CommandType='"Text"', CommandTimeout='30']
SELECT 1
2026-09-27 01:38:13.631 +03:00 [INF] Executed DbCommand (0ms) [Parameters=[], CommandType='"Text"', CommandTimeout='30']
SELECT OBJECT_ID(N'[__EFMigrationsHistory]');
2026-09-27 01:38:13.654 +03:00 [INF] Executed DbCommand (4ms) [Parameters=[], CommandType='"Text"', CommandTimeout='30']
SELECT [MigrationId], [ProductVersion]
FROM [__EFMigrationsHistory]
ORDER BY [MigrationId];
2026-09-27 01:38:13.723 +03:00 [INF] No migrations were applied. The database is already up to date.
2026-09-27 01:38:13.965 +03:00 [INF] InvoiceCheckWorker başladı. InitialDelay=30sn
2026-09-27 01:38:14.147 +03:00 [WRN] Overriding address(es) 'http://localhost:5011'. Binding to endpoints defined via IConfiguration and/or UseKestrel() instead.
2026-09-27 01:38:14.162 +03:00 [INF] Now listening on: http://localhost:5011
2026-09-27 01:38:14.229 +03:00 [INF] Application started. Press Ctrl+C to shut down.
2026-09-27 01:38:14.231 +03:00 [INF] Hosting environment: Development
2026-09-27 01:38:14.232 +03:00 [INF] Content root path: C:\GitHub\CengizMicroService\Sovos\Sovos.InvoiceWorker
2026-09-27 01:38:44.008 +03:00 [INF] === ScheduledChecks BAŞLADI ===
2026-09-27 01:38:44.307 +03:00 [INF] Executed DbCommand (23ms) [Parameters=[], CommandType='"Text"', CommandTimeout='30']
SELECT [s].[Id], [s].[CompanyCode], [s].[EncryptedPassword], [s].[FirmaId], [s].[IsActive], [s].[LastErrorMessage], [s].[LastFailedRunAt], [s].[LastSuccessfulRunAt], [s].[Name], [s].[NotificationEmails], [s].[ScheduleHour], [s].[ScheduleMode], [s].[Username]
FROM [SovosCompanies] AS [s]
WHERE [s].[IsActive] = CAST(1 AS bit)
2026-09-27 01:38:44.375 +03:00 [INF] 🧮 IsDue "Daily" | Id=1 nowHour=1 schedHour=22 lastDate=2026-09-26 nowDate=2026-09-27 → false
2026-09-27 01:38:44.380 +03:00 [INF] 🧮 IsDue "Daily" | Id=2 nowHour=1 schedHour=9 lastDate=2026-09-26 nowDate=2026-09-27 → false
2026-09-27 01:38:44.382 +03:00 [INF] 🧮 IsDue "Manual" | Id=3 nowHour=1 schedHour=9 lastDate=NULL nowDate=2026-09-27 → false
2026-09-27 01:38:44.384 +03:00 [INF] === ScheduledChecks BİTTİ (375ms) ===
2026-09-27 01:39:44.414 +03:00 [INF] === ScheduledChecks BAŞLADI ===
2026-09-27 01:39:44.457 +03:00 [INF] Executed DbCommand (3ms) [Parameters=[], CommandType='"Text"', CommandTimeout='30']
SELECT [s].[Id], [s].[CompanyCode], [s].[EncryptedPassword], [s].[FirmaId], [s].[IsActive], [s].[LastErrorMessage], [s].[LastFailedRunAt], [s].[LastSuccessfulRunAt], [s].[Name], [s].[NotificationEmails], [s].[ScheduleHour], [s].[ScheduleMode], [s].[Username]
FROM [SovosCompanies] AS [s]
WHERE [s].[IsActive] = CAST(1 AS bit)
2026-09-27 01:39:44.459 +03:00 [INF] 🧮 IsDue "Daily" | Id=1 nowHour=1 schedHour=22 lastDate=2026-09-26 nowDate=2026-09-27 → false
2026-09-27 01:39:44.461 +03:00 [INF] 🧮 IsDue "Daily" | Id=2 nowHour=1 schedHour=9 lastDate=2026-09-26 nowDate=2026-09-27 → false
2026-09-27 01:39:44.462 +03:00 [INF] 🧮 IsDue "Manual" | Id=3 nowHour=1 schedHour=9 lastDate=NULL nowDate=2026-09-27 → false
2026-09-27 01:39:44.463 +03:00 [INF] === ScheduledChecks BİTTİ (46ms) ===
2026-09-27 01:40:44.487 +03:00 [INF] === ScheduledChecks BAŞLADI ===
2026-09-27 01:40:44.494 +03:00 [INF] Executed DbCommand (3ms) [Parameters=[], CommandType='"Text"', CommandTimeout='30']
SELECT [s].[Id], [s].[CompanyCode], [s].[EncryptedPassword], [s].[FirmaId], [s].[IsActive], [s].[LastErrorMessage], [s].[LastFailedRunAt], [s].[LastSuccessfulRunAt], [s].[Name], [s].[NotificationEmails], [s].[ScheduleHour], [s].[ScheduleMode], [s].[Username]
FROM [SovosCompanies] AS [s]
WHERE [s].[IsActive] = CAST(1 AS bit)
2026-09-27 01:40:44.496 +03:00 [INF] 🧮 IsDue "Daily" | Id=1 nowHour=1 schedHour=22 lastDate=2026-09-26 nowDate=2026-09-27 → false
2026-09-27 01:40:44.498 +03:00 [INF] 🧮 IsDue "Daily" | Id=2 nowHour=1 schedHour=9 lastDate=2026-09-26 nowDate=2026-09-27 → false
2026-09-27 01:40:44.499 +03:00 [INF] 🧮 IsDue "Manual" | Id=3 nowHour=1 schedHour=9 lastDate=NULL nowDate=2026-09-27 → false
2026-09-27 01:40:44.501 +03:00 [INF] === ScheduledChecks BİTTİ (11ms) ===
2026-09-27 01:41:44.510 +03:00 [INF] === ScheduledChecks BAŞLADI ===
2026-09-27 01:41:44.522 +03:00 [INF] Executed DbCommand (4ms) [Parameters=[], CommandType='"Text"', CommandTimeout='30']
SELECT [s].[Id], [s].[CompanyCode], [s].[EncryptedPassword], [s].[FirmaId], [s].[IsActive], [s].[LastErrorMessage], [s].[LastFailedRunAt], [s].[LastSuccessfulRunAt], [s].[Name], [s].[NotificationEmails], [s].[ScheduleHour], [s].[ScheduleMode], [s].[Username]
FROM [SovosCompanies] AS [s]
WHERE [s].[IsActive] = CAST(1 AS bit)
2026-09-27 01:41:44.525 +03:00 [INF] 🧮 IsDue "Daily" | Id=1 nowHour=1 schedHour=22 lastDate=2026-09-26 nowDate=2026-09-27 → false
2026-09-27 01:41:44.527 +03:00 [INF] 🧮 IsDue "Daily" | Id=2 nowHour=1 schedHour=9 lastDate=2026-09-26 nowDate=2026-09-27 → false
2026-09-27 01:41:44.529 +03:00 [INF] 🧮 IsDue "Manual" | Id=3 nowHour=1 schedHour=9 lastDate=NULL nowDate=2026-09-27 → false
2026-09-27 01:41:44.531 +03:00 [INF] === ScheduledChecks BİTTİ (20ms) ===
2026-09-27 01:42:44.542 +03:00 [INF] === ScheduledChecks BAŞLADI ===
2026-09-27 01:42:44.580 +03:00 [INF] Executed DbCommand (2ms) [Parameters=[], CommandType='"Text"', CommandTimeout='30']
SELECT [s].[Id], [s].[CompanyCode], [s].[EncryptedPassword], [s].[FirmaId], [s].[IsActive], [s].[LastErrorMessage], [s].[LastFailedRunAt], [s].[LastSuccessfulRunAt], [s].[Name], [s].[NotificationEmails], [s].[ScheduleHour], [s].[ScheduleMode], [s].[Username]
FROM [SovosCompanies] AS [s]
WHERE [s].[IsActive] = CAST(1 AS bit)
2026-09-27 01:42:44.582 +03:00 [INF] 🧮 IsDue "Daily" | Id=1 nowHour=1 schedHour=22 lastDate=2026-09-26 nowDate=2026-09-27 → false
2026-09-27 01:42:44.584 +03:00 [INF] 🧮 IsDue "Daily" | Id=2 nowHour=1 schedHour=9 lastDate=2026-09-26 nowDate=2026-09-27 → false
2026-09-27 01:42:44.585 +03:00 [INF] 🧮 IsDue "Manual" | Id=3 nowHour=1 schedHour=9 lastDate=NULL nowDate=2026-09-27 → false
2026-09-27 01:42:44.586 +03:00 [INF] === ScheduledChecks BİTTİ (43ms) ===
2026-09-27 01:43:44.593 +03:00 [INF] === ScheduledChecks BAŞLADI ===
2026-09-27 01:43:44.604 +03:00 [INF] Executed DbCommand (3ms) [Parameters=[], CommandType='"Text"', CommandTimeout='30']
SELECT [s].[Id], [s].[CompanyCode], [s].[EncryptedPassword], [s].[FirmaId], [s].[IsActive], [s].[LastErrorMessage], [s].[LastFailedRunAt], [s].[LastSuccessfulRunAt], [s].[Name], [s].[NotificationEmails], [s].[ScheduleHour], [s].[ScheduleMode], [s].[Username]
FROM [SovosCompanies] AS [s]
WHERE [s].[IsActive] = CAST(1 AS bit)
2026-09-27 01:43:44.606 +03:00 [INF] 🧮 IsDue "Daily" | Id=1 nowHour=1 schedHour=22 lastDate=2026-09-26 nowDate=2026-09-27 → false
2026-09-27 01:43:44.607 +03:00 [INF] 🧮 IsDue "Daily" | Id=2 nowHour=1 schedHour=9 lastDate=2026-09-26 nowDate=2026-09-27 → false
2026-09-27 01:43:44.608 +03:00 [INF] 🧮 IsDue "Manual" | Id=3 nowHour=1 schedHour=9 lastDate=NULL nowDate=2026-09-27 → false
2026-09-27 01:43:44.609 +03:00 [INF] === ScheduledChecks BİTTİ (15ms) ===
2026-09-27 01:49:10.721 +03:00 [INF] Executed DbCommand (15ms) [Parameters=[], CommandType='"Text"', CommandTimeout='30']
SELECT 1
2026-09-27 01:49:10.785 +03:00 [INF] Executed DbCommand (12ms) [Parameters=[], CommandType='"Text"', CommandTimeout='30']
SELECT OBJECT_ID(N'[__EFMigrationsHistory]');
2026-09-27 01:49:10.791 +03:00 [INF] Executed DbCommand (1ms) [Parameters=[], CommandType='"Text"', CommandTimeout='30']
SELECT 1
2026-09-27 01:49:10.795 +03:00 [INF] Executed DbCommand (1ms) [Parameters=[], CommandType='"Text"', CommandTimeout='30']
SELECT OBJECT_ID(N'[__EFMigrationsHistory]');
2026-09-27 01:49:10.817 +03:00 [INF] Executed DbCommand (4ms) [Parameters=[], CommandType='"Text"', CommandTimeout='30']
SELECT [MigrationId], [ProductVersion]
FROM [__EFMigrationsHistory]
ORDER BY [MigrationId];
2026-09-27 01:49:10.881 +03:00 [INF] No migrations were applied. The database is already up to date.
2026-09-27 01:49:11.155 +03:00 [INF] InvoiceCheckWorker başladı. InitialDelay=30sn
2026-09-27 01:49:11.615 +03:00 [WRN] Overriding address(es) 'http://localhost:5011'. Binding to endpoints defined via IConfiguration and/or UseKestrel() instead.
2026-09-27 01:49:11.646 +03:00 [INF] Now listening on: http://localhost:5011
2026-09-27 01:49:11.735 +03:00 [INF] Application started. Press Ctrl+C to shut down.
2026-09-27 01:49:11.738 +03:00 [INF] Hosting environment: Development
2026-09-27 01:49:11.740 +03:00 [INF] Content root path: C:\GitHub\CengizMicroService\Sovos\Sovos.InvoiceWorker
2026-09-27 01:49:41.202 +03:00 [INF] === ScheduledChecks BAŞLADI ===
2026-09-27 01:49:41.432 +03:00 [INF] Executed DbCommand (16ms) [Parameters=[], CommandType='"Text"', CommandTimeout='30']
SELECT [s].[Id], [s].[CompanyCode], [s].[EncryptedPassword], [s].[FirmaId], [s].[IsActive], [s].[LastErrorMessage], [s].[LastFailedRunAt], [s].[LastSuccessfulRunAt], [s].[Name], [s].[NotificationEmails], [s].[ScheduleHour], [s].[ScheduleMode], [s].[Username]
FROM [SovosCompanies] AS [s]
WHERE [s].[IsActive] = CAST(1 AS bit)
2026-09-27 01:49:41.495 +03:00 [INF] 🧮 IsDue "Daily" | Id=1 nowHour=1 schedHour=22 lastDate=2026-09-26 nowDate=2026-09-27 → false
2026-09-27 01:49:41.498 +03:00 [INF] 🧮 IsDue "Daily" | Id=2 nowHour=1 schedHour=9 lastDate=2026-09-26 nowDate=2026-09-27 → false
2026-09-27 01:49:41.500 +03:00 [INF] 🧮 IsDue "Manual" | Id=3 nowHour=1 schedHour=9 lastDate=NULL nowDate=2026-09-27 → false
2026-09-27 01:49:41.502 +03:00 [INF] === ScheduledChecks BİTTİ (298ms) ===
2026-09-27 01:50:41.521 +03:00 [INF] === ScheduledChecks BAŞLADI ===
2026-09-27 01:50:41.570 +03:00 [INF] Executed DbCommand (2ms) [Parameters=[], CommandType='"Text"', CommandTimeout='30']
SELECT [s].[Id], [s].[CompanyCode], [s].[EncryptedPassword], [s].[FirmaId], [s].[IsActive], [s].[LastErrorMessage], [s].[LastFailedRunAt], [s].[LastSuccessfulRunAt], [s].[Name], [s].[NotificationEmails], [s].[ScheduleHour], [s].[ScheduleMode], [s].[Username]
FROM [SovosCompanies] AS [s]
WHERE [s].[IsActive] = CAST(1 AS bit)
2026-09-27 01:50:41.572 +03:00 [INF] 🧮 IsDue "Daily" | Id=1 nowHour=1 schedHour=22 lastDate=2026-09-26 nowDate=2026-09-27 → false
2026-09-27 01:50:41.574 +03:00 [INF] 🧮 IsDue "Daily" | Id=2 nowHour=1 schedHour=9 lastDate=2026-09-26 nowDate=2026-09-27 → false
2026-09-27 01:50:41.575 +03:00 [INF] 🧮 IsDue "Manual" | Id=3 nowHour=1 schedHour=9 lastDate=NULL nowDate=2026-09-27 → false
2026-09-27 01:50:41.577 +03:00 [INF] === ScheduledChecks BİTTİ (51ms) ===
2026-09-27 01:51:41.594 +03:00 [INF] === ScheduledChecks BAŞLADI ===
2026-09-27 01:51:41.601 +03:00 [INF] Executed DbCommand (3ms) [Parameters=[], CommandType='"Text"', CommandTimeout='30']
SELECT [s].[Id], [s].[CompanyCode], [s].[EncryptedPassword], [s].[FirmaId], [s].[IsActive], [s].[LastErrorMessage], [s].[LastFailedRunAt], [s].[LastSuccessfulRunAt], [s].[Name], [s].[NotificationEmails], [s].[ScheduleHour], [s].[ScheduleMode], [s].[Username]
FROM [SovosCompanies] AS [s]
WHERE [s].[IsActive] = CAST(1 AS bit)
2026-09-27 01:51:41.603 +03:00 [INF] 🧮 IsDue "Daily" | Id=1 nowHour=1 schedHour=22 lastDate=2026-09-26 nowDate=2026-09-27 → false
2026-09-27 01:51:41.604 +03:00 [INF] 🧮 IsDue "Daily" | Id=2 nowHour=1 schedHour=9 lastDate=2026-09-26 nowDate=2026-09-27 → false
2026-09-27 01:51:41.606 +03:00 [INF] 🧮 IsDue "Manual" | Id=3 nowHour=1 schedHour=9 lastDate=NULL nowDate=2026-09-27 → false
2026-09-27 01:51:41.607 +03:00 [INF] === ScheduledChecks BİTTİ (10ms) ===
2026-09-27 01:52:41.612 +03:00 [INF] === ScheduledChecks BAŞLADI ===
2026-09-27 01:52:41.620 +03:00 [INF] Executed DbCommand (3ms) [Parameters=[], CommandType='"Text"', CommandTimeout='30']
SELECT [s].[Id], [s].[CompanyCode], [s].[EncryptedPassword], [s].[FirmaId], [s].[IsActive], [s].[LastErrorMessage], [s].[LastFailedRunAt], [s].[LastSuccessfulRunAt], [s].[Name], [s].[NotificationEmails], [s].[ScheduleHour], [s].[ScheduleMode], [s].[Username]
FROM [SovosCompanies] AS [s]
WHERE [s].[IsActive] = CAST(1 AS bit)
2026-09-27 01:52:41.622 +03:00 [INF] 🧮 IsDue "Daily" | Id=1 nowHour=1 schedHour=22 lastDate=2026-09-26 nowDate=2026-09-27 → false
2026-09-27 01:52:41.623 +03:00 [INF] 🧮 IsDue "Daily" | Id=2 nowHour=1 schedHour=9 lastDate=2026-09-26 nowDate=2026-09-27 → false
2026-09-27 01:52:41.624 +03:00 [INF] 🧮 IsDue "Manual" | Id=3 nowHour=1 schedHour=9 lastDate=NULL nowDate=2026-09-27 → false
2026-09-27 01:52:41.625 +03:00 [INF] === ScheduledChecks BİTTİ (11ms) ===
2026-09-27 01:53:41.634 +03:00 [INF] === ScheduledChecks BAŞLADI ===
2026-09-27 01:53:41.644 +03:00 [INF] Executed DbCommand (2ms) [Parameters=[], CommandType='"Text"', CommandTimeout='30']
SELECT [s].[Id], [s].[CompanyCode], [s].[EncryptedPassword], [s].[FirmaId], [s].[IsActive], [s].[LastErrorMessage], [s].[LastFailedRunAt], [s].[LastSuccessfulRunAt], [s].[Name], [s].[NotificationEmails], [s].[ScheduleHour], [s].[ScheduleMode], [s].[Username]
FROM [SovosCompanies] AS [s]
WHERE [s].[IsActive] = CAST(1 AS bit)
2026-09-27 01:53:41.645 +03:00 [INF] 🧮 IsDue "Daily" | Id=1 nowHour=1 schedHour=22 lastDate=2026-09-26 nowDate=2026-09-27 → false
2026-09-27 01:53:41.647 +03:00 [INF] 🧮 IsDue "Daily" | Id=2 nowHour=1 schedHour=9 lastDate=2026-09-26 nowDate=2026-09-27 → false
2026-09-27 01:53:41.648 +03:00 [INF] 🧮 IsDue "Manual" | Id=3 nowHour=1 schedHour=9 lastDate=NULL nowDate=2026-09-27 → false
2026-09-27 01:53:41.649 +03:00 [INF] === ScheduledChecks BİTTİ (14ms) ===
2026-09-27 01:54:41.657 +03:00 [INF] === ScheduledChecks BAŞLADI ===
2026-09-27 01:54:41.666 +03:00 [INF] Executed DbCommand (2ms) [Parameters=[], CommandType='"Text"', CommandTimeout='30']
SELECT [s].[Id], [s].[CompanyCode], [s].[EncryptedPassword], [s].[FirmaId], [s].[IsActive], [s].[LastErrorMessage], [s].[LastFailedRunAt], [s].[LastSuccessfulRunAt], [s].[Name], [s].[NotificationEmails], [s].[ScheduleHour], [s].[ScheduleMode], [s].[Username]
FROM [SovosCompanies] AS [s]
WHERE [s].[IsActive] = CAST(1 AS bit)
2026-09-27 01:54:41.667 +03:00 [INF] 🧮 IsDue "Daily" | Id=1 nowHour=1 schedHour=22 lastDate=2026-09-26 nowDate=2026-09-27 → false
2026-09-27 01:54:41.668 +03:00 [INF] 🧮 IsDue "Daily" | Id=2 nowHour=1 schedHour=9 lastDate=2026-09-26 nowDate=2026-09-27 → false
2026-09-27 01:54:41.669 +03:00 [INF] 🧮 IsDue "Manual" | Id=3 nowHour=1 schedHour=9 lastDate=NULL nowDate=2026-09-27 → false
2026-09-27 01:54:41.670 +03:00 [INF] === ScheduledChecks BİTTİ (12ms) ===
2026-09-27 01:55:41.680 +03:00 [INF] === ScheduledChecks BAŞLADI ===
2026-09-27 01:55:41.689 +03:00 [INF] Executed DbCommand (3ms) [Parameters=[], CommandType='"Text"', CommandTimeout='30']
SELECT [s].[Id], [s].[CompanyCode], [s].[EncryptedPassword], [s].[FirmaId], [s].[IsActive], [s].[LastErrorMessage], [s].[LastFailedRunAt], [s].[LastSuccessfulRunAt], [s].[Name], [s].[NotificationEmails], [s].[ScheduleHour], [s].[ScheduleMode], [s].[Username]
FROM [SovosCompanies] AS [s]
WHERE [s].[IsActive] = CAST(1 AS bit)
2026-09-27 01:55:41.690 +03:00 [INF] 🧮 IsDue "Daily" | Id=1 nowHour=1 schedHour=22 lastDate=2026-09-26 nowDate=2026-09-27 → false
2026-09-27 01:55:41.691 +03:00 [INF] 🧮 IsDue "Daily" | Id=2 nowHour=1 schedHour=9 lastDate=2026-09-26 nowDate=2026-09-27 → false
2026-09-27 01:55:41.692 +03:00 [INF] 🧮 IsDue "Manual" | Id=3 nowHour=1 schedHour=9 lastDate=NULL nowDate=2026-09-27 → false
2026-09-27 01:55:41.693 +03:00 [INF] === ScheduledChecks BİTTİ (11ms) ===
2026-09-27 01:56:41.697 +03:00 [INF] === ScheduledChecks BAŞLADI ===
2026-09-27 01:56:41.717 +03:00 [INF] Executed DbCommand (15ms) [Parameters=[], CommandType='"Text"', CommandTimeout='30']
SELECT [s].[Id], [s].[CompanyCode], [s].[EncryptedPassword], [s].[FirmaId], [s].[IsActive], [s].[LastErrorMessage], [s].[LastFailedRunAt], [s].[LastSuccessfulRunAt], [s].[Name], [s].[NotificationEmails], [s].[ScheduleHour], [s].[ScheduleMode], [s].[Username]
FROM [SovosCompanies] AS [s]
WHERE [s].[IsActive] = CAST(1 AS bit)
2026-09-27 01:56:41.718 +03:00 [INF] 🧮 IsDue "Daily" | Id=1 nowHour=1 schedHour=22 lastDate=2026-09-26 nowDate=2026-09-27 → false
2026-09-27 01:56:41.719 +03:00 [INF] 🧮 IsDue "Daily" | Id=2 nowHour=1 schedHour=9 lastDate=2026-09-26 nowDate=2026-09-27 → false
2026-09-27 01:56:41.720 +03:00 [INF] 🧮 IsDue "Manual" | Id=3 nowHour=1 schedHour=9 lastDate=NULL nowDate=2026-09-27 → false
2026-09-27 01:56:41.721 +03:00 [INF] === ScheduledChecks BİTTİ (23ms) ===
2026-09-27 01:57:41.728 +03:00 [INF] === ScheduledChecks BAŞLADI ===
2026-09-27 01:57:41.777 +03:00 [INF] Executed DbCommand (46ms) [Parameters=[], CommandType='"Text"', CommandTimeout='30']
SELECT [s].[Id], [s].[CompanyCode], [s].[EncryptedPassword], [s].[FirmaId], [s].[IsActive], [s].[LastErrorMessage], [s].[LastFailedRunAt], [s].[LastSuccessfulRunAt], [s].[Name], [s].[NotificationEmails], [s].[ScheduleHour], [s].[ScheduleMode], [s].[Username]
FROM [SovosCompanies] AS [s]
WHERE [s].[IsActive] = CAST(1 AS bit)
2026-09-27 01:57:41.779 +03:00 [INF] 🧮 IsDue "Daily" | Id=1 nowHour=1 schedHour=22 lastDate=2026-09-26 nowDate=2026-09-27 → false
2026-09-27 01:57:41.780 +03:00 [INF] 🧮 IsDue "Daily" | Id=2 nowHour=1 schedHour=9 lastDate=2026-09-26 nowDate=2026-09-27 → false
2026-09-27 01:57:41.781 +03:00 [INF] 🧮 IsDue "Manual" | Id=3 nowHour=1 schedHour=9 lastDate=NULL nowDate=2026-09-27 → false
2026-09-27 01:57:41.782 +03:00 [INF] === ScheduledChecks BİTTİ (52ms) ===
2026-09-27 01:58:41.788 +03:00 [INF] === ScheduledChecks BAŞLADI ===
2026-09-27 01:58:41.812 +03:00 [INF] Executed DbCommand (18ms) [Parameters=[], CommandType='"Text"', CommandTimeout='30']
SELECT [s].[Id], [s].[CompanyCode], [s].[EncryptedPassword], [s].[FirmaId], [s].[IsActive], [s].[LastErrorMessage], [s].[LastFailedRunAt], [s].[LastSuccessfulRunAt], [s].[Name], [s].[NotificationEmails], [s].[ScheduleHour], [s].[ScheduleMode], [s].[Username]
FROM [SovosCompanies] AS [s]
WHERE [s].[IsActive] = CAST(1 AS bit)
2026-09-27 01:58:41.815 +03:00 [INF] 🧮 IsDue "Daily" | Id=1 nowHour=1 schedHour=22 lastDate=2026-09-26 nowDate=2026-09-27 → false
2026-09-27 01:58:41.818 +03:00 [INF] 🧮 IsDue "Daily" | Id=2 nowHour=1 schedHour=9 lastDate=2026-09-26 nowDate=2026-09-27 → false
2026-09-27 01:58:41.820 +03:00 [INF] 🧮 IsDue "Manual" | Id=3 nowHour=1 schedHour=9 lastDate=NULL nowDate=2026-09-27 → false
2026-09-27 01:58:41.823 +03:00 [INF] === ScheduledChecks BİTTİ (33ms) ===
2026-09-27 01:59:41.828 +03:00 [INF] === ScheduledChecks BAŞLADI ===
2026-09-27 01:59:41.845 +03:00 [INF] Executed DbCommand (12ms) [Parameters=[], CommandType='"Text"', CommandTimeout='30']
SELECT [s].[Id], [s].[CompanyCode], [s].[EncryptedPassword], [s].[FirmaId], [s].[IsActive], [s].[LastErrorMessage], [s].[LastFailedRunAt], [s].[LastSuccessfulRunAt], [s].[Name], [s].[NotificationEmails], [s].[ScheduleHour], [s].[ScheduleMode], [s].[Username]
FROM [SovosCompanies] AS [s]
WHERE [s].[IsActive] = CAST(1 AS bit)
2026-09-27 01:59:41.847 +03:00 [INF] 🧮 IsDue "Daily" | Id=1 nowHour=1 schedHour=22 lastDate=2026-09-26 nowDate=2026-09-27 → false
2026-09-27 01:59:41.848 +03:00 [INF] 🧮 IsDue "Daily" | Id=2 nowHour=1 schedHour=9 lastDate=2026-09-26 nowDate=2026-09-27 → false
2026-09-27 01:59:41.849 +03:00 [INF] 🧮 IsDue "Manual" | Id=3 nowHour=1 schedHour=9 lastDate=NULL nowDate=2026-09-27 → false
2026-09-27 01:59:41.849 +03:00 [INF] === ScheduledChecks BİTTİ (20ms) ===
2026-09-27 02:00:41.855 +03:00 [INF] === ScheduledChecks BAŞLADI ===
2026-09-27 02:00:41.874 +03:00 [INF] Executed DbCommand (17ms) [Parameters=[], CommandType='"Text"', CommandTimeout='30']
SELECT [s].[Id], [s].[CompanyCode], [s].[EncryptedPassword], [s].[FirmaId], [s].[IsActive], [s].[LastErrorMessage], [s].[LastFailedRunAt], [s].[LastSuccessfulRunAt], [s].[Name], [s].[NotificationEmails], [s].[ScheduleHour], [s].[ScheduleMode], [s].[Username]
FROM [SovosCompanies] AS [s]
WHERE [s].[IsActive] = CAST(1 AS bit)
2026-09-27 02:00:41.876 +03:00 [INF] 🧮 IsDue "Daily" | Id=1 nowHour=2 schedHour=22 lastDate=2026-09-26 nowDate=2026-09-27 → false
2026-09-27 02:00:41.877 +03:00 [INF] 🧮 IsDue "Daily" | Id=2 nowHour=2 schedHour=9 lastDate=2026-09-26 nowDate=2026-09-27 → false
2026-09-27 02:00:41.878 +03:00 [INF] 🧮 IsDue "Manual" | Id=3 nowHour=2 schedHour=9 lastDate=NULL nowDate=2026-09-27 → false
2026-09-27 02:00:41.879 +03:00 [INF] === ScheduledChecks BİTTİ (23ms) ===
2026-09-27 02:01:41.891 +03:00 [INF] === ScheduledChecks BAŞLADI ===
2026-09-27 02:01:41.909 +03:00 [INF] Executed DbCommand (15ms) [Parameters=[], CommandType='"Text"', CommandTimeout='30']
SELECT [s].[Id], [s].[CompanyCode], [s].[EncryptedPassword], [s].[FirmaId], [s].[IsActive], [s].[LastErrorMessage], [s].[LastFailedRunAt], [s].[LastSuccessfulRunAt], [s].[Name], [s].[NotificationEmails], [s].[ScheduleHour], [s].[ScheduleMode], [s].[Username]
FROM [SovosCompanies] AS [s]
WHERE [s].[IsActive] = CAST(1 AS bit)
2026-09-27 02:01:41.910 +03:00 [INF] 🧮 IsDue "Daily" | Id=1 nowHour=2 schedHour=22 lastDate=2026-09-26 nowDate=2026-09-27 → false
2026-09-27 02:01:41.911 +03:00 [INF] 🧮 IsDue "Daily" | Id=2 nowHour=2 schedHour=9 lastDate=2026-09-26 nowDate=2026-09-27 → false
2026-09-27 02:01:41.913 +03:00 [INF] 🧮 IsDue "Manual" | Id=3 nowHour=2 schedHour=9 lastDate=NULL nowDate=2026-09-27 → false
2026-09-27 02:01:41.913 +03:00 [INF] === ScheduledChecks BİTTİ (21ms) ===
2026-09-27 02:02:41.926 +03:00 [INF] === ScheduledChecks BAŞLADI ===
2026-09-27 02:02:41.943 +03:00 [INF] Executed DbCommand (15ms) [Parameters=[], CommandType='"Text"', CommandTimeout='30']
SELECT [s].[Id], [s].[CompanyCode], [s].[EncryptedPassword], [s].[FirmaId], [s].[IsActive], [s].[LastErrorMessage], [s].[LastFailedRunAt], [s].[LastSuccessfulRunAt], [s].[Name], [s].[NotificationEmails], [s].[ScheduleHour], [s].[ScheduleMode], [s].[Username]
FROM [SovosCompanies] AS [s]
WHERE [s].[IsActive] = CAST(1 AS bit)
2026-09-27 02:02:41.946 +03:00 [INF] 🧮 IsDue "Daily" | Id=1 nowHour=2 schedHour=22 lastDate=2026-09-26 nowDate=2026-09-27 → false
2026-09-27 02:02:41.948 +03:00 [INF] 🧮 IsDue "Daily" | Id=2 nowHour=2 schedHour=9 lastDate=2026-09-26 nowDate=2026-09-27 → false
2026-09-27 02:02:41.949 +03:00 [INF] 🧮 IsDue "Manual" | Id=3 nowHour=2 schedHour=9 lastDate=NULL nowDate=2026-09-27 → false
2026-09-27 02:02:41.951 +03:00 [INF] === ScheduledChecks BİTTİ (23ms) ===
2026-09-27 02:03:41.959 +03:00 [INF] === ScheduledChecks BAŞLADI ===
2026-09-27 02:03:41.971 +03:00 [INF] Executed DbCommand (5ms) [Parameters=[], CommandType='"Text"', CommandTimeout='30']
SELECT [s].[Id], [s].[CompanyCode], [s].[EncryptedPassword], [s].[FirmaId], [s].[IsActive], [s].[LastErrorMessage], [s].[LastFailedRunAt], [s].[LastSuccessfulRunAt], [s].[Name], [s].[NotificationEmails], [s].[ScheduleHour], [s].[ScheduleMode], [s].[Username]
FROM [SovosCompanies] AS [s]
WHERE [s].[IsActive] = CAST(1 AS bit)
2026-09-27 02:03:41.977 +03:00 [INF] 🧮 IsDue "Daily" | Id=1 nowHour=2 schedHour=22 lastDate=2026-09-26 nowDate=2026-09-27 → false
2026-09-27 02:03:41.978 +03:00 [INF] 🧮 IsDue "Daily" | Id=2 nowHour=2 schedHour=9 lastDate=2026-09-26 nowDate=2026-09-27 → false
2026-09-27 02:03:41.979 +03:00 [INF] 🧮 IsDue "Manual" | Id=3 nowHour=2 schedHour=9 lastDate=NULL nowDate=2026-09-27 → false
2026-09-27 02:03:41.980 +03:00 [INF] === ScheduledChecks BİTTİ (19ms) ===
2026-09-27 02:04:41.984 +03:00 [INF] === ScheduledChecks BAŞLADI ===
2026-09-27 02:04:41.996 +03:00 [INF] Executed DbCommand (6ms) [Parameters=[], CommandType='"Text"', CommandTimeout='30']
SELECT [s].[Id], [s].[CompanyCode], [s].[EncryptedPassword], [s].[FirmaId], [s].[IsActive], [s].[LastErrorMessage], [s].[LastFailedRunAt], [s].[LastSuccessfulRunAt], [s].[Name], [s].[NotificationEmails], [s].[ScheduleHour], [s].[ScheduleMode], [s].[Username]
FROM [SovosCompanies] AS [s]
WHERE [s].[IsActive] = CAST(1 AS bit)
2026-09-27 02:04:41.998 +03:00 [INF] 🧮 IsDue "Daily" | Id=1 nowHour=2 schedHour=22 lastDate=2026-09-26 nowDate=2026-09-27 → false
2026-09-27 02:04:41.998 +03:00 [INF] 🧮 IsDue "Daily" | Id=2 nowHour=2 schedHour=9 lastDate=2026-09-26 nowDate=2026-09-27 → false
2026-09-27 02:04:42.000 +03:00 [INF] 🧮 IsDue "Manual" | Id=3 nowHour=2 schedHour=9 lastDate=NULL nowDate=2026-09-27 → false
2026-09-27 02:04:42.001 +03:00 [INF] === ScheduledChecks BİTTİ (15ms) ===
2026-09-27 02:05:42.014 +03:00 [INF] === ScheduledChecks BAŞLADI ===
2026-09-27 02:05:42.024 +03:00 [INF] Executed DbCommand (5ms) [Parameters=[], CommandType='"Text"', CommandTimeout='30']
SELECT [s].[Id], [s].[CompanyCode], [s].[EncryptedPassword], [s].[FirmaId], [s].[IsActive], [s].[LastErrorMessage], [s].[LastFailedRunAt], [s].[LastSuccessfulRunAt], [s].[Name], [s].[NotificationEmails], [s].[ScheduleHour], [s].[ScheduleMode], [s].[Username]
FROM [SovosCompanies] AS [s]
WHERE [s].[IsActive] = CAST(1 AS bit)
2026-09-27 02:05:42.025 +03:00 [INF] 🧮 IsDue "Daily" | Id=1 nowHour=2 schedHour=22 lastDate=2026-09-26 nowDate=2026-09-27 → false
2026-09-27 02:05:42.026 +03:00 [INF] 🧮 IsDue "Daily" | Id=2 nowHour=2 schedHour=9 lastDate=2026-09-26 nowDate=2026-09-27 → false
2026-09-27 02:05:42.027 +03:00 [INF] 🧮 IsDue "Manual" | Id=3 nowHour=2 schedHour=9 lastDate=NULL nowDate=2026-09-27 → false
2026-09-27 02:05:42.028 +03:00 [INF] === ScheduledChecks BİTTİ (13ms) ===
2026-09-27 02:06:42.030 +03:00 [INF] === ScheduledChecks BAŞLADI ===
2026-09-27 02:06:42.039 +03:00 [INF] Executed DbCommand (5ms) [Parameters=[], CommandType='"Text"', CommandTimeout='30']
SELECT [s].[Id], [s].[CompanyCode], [s].[EncryptedPassword], [s].[FirmaId], [s].[IsActive], [s].[LastErrorMessage], [s].[LastFailedRunAt], [s].[LastSuccessfulRunAt], [s].[Name], [s].[NotificationEmails], [s].[ScheduleHour], [s].[ScheduleMode], [s].[Username]
FROM [SovosCompanies] AS [s]
WHERE [s].[IsActive] = CAST(1 AS bit)
2026-09-27 02:06:42.041 +03:00 [INF] 🧮 IsDue "Daily" | Id=1 nowHour=2 schedHour=22 lastDate=2026-09-26 nowDate=2026-09-27 → false
2026-09-27 02:06:42.042 +03:00 [INF] 🧮 IsDue "Daily" | Id=2 nowHour=2 schedHour=9 lastDate=2026-09-26 nowDate=2026-09-27 → false
2026-09-27 02:06:42.043 +03:00 [INF] 🧮 IsDue "Manual" | Id=3 nowHour=2 schedHour=9 lastDate=NULL nowDate=2026-09-27 → false
2026-09-27 02:06:42.043 +03:00 [INF] === ScheduledChecks BİTTİ (12ms) ===
2026-09-27 02:07:42.057 +03:00 [INF] === ScheduledChecks BAŞLADI ===
2026-09-27 02:07:42.077 +03:00 [INF] Executed DbCommand (15ms) [Parameters=[], CommandType='"Text"', CommandTimeout='30']
SELECT [s].[Id], [s].[CompanyCode], [s].[EncryptedPassword], [s].[FirmaId], [s].[IsActive], [s].[LastErrorMessage], [s].[LastFailedRunAt], [s].[LastSuccessfulRunAt], [s].[Name], [s].[NotificationEmails], [s].[ScheduleHour], [s].[ScheduleMode], [s].[Username]
FROM [SovosCompanies] AS [s]
WHERE [s].[IsActive] = CAST(1 AS bit)
2026-09-27 02:07:42.084 +03:00 [INF] 🧮 IsDue "Daily" | Id=1 nowHour=2 schedHour=22 lastDate=2026-09-26 nowDate=2026-09-27 → false
2026-09-27 02:07:42.085 +03:00 [INF] 🧮 IsDue "Daily" | Id=2 nowHour=2 schedHour=9 lastDate=2026-09-26 nowDate=2026-09-27 → false
2026-09-27 02:07:42.086 +03:00 [INF] 🧮 IsDue "Manual" | Id=3 nowHour=2 schedHour=9 lastDate=NULL nowDate=2026-09-27 → false
2026-09-27 02:07:42.087 +03:00 [INF] === ScheduledChecks BİTTİ (29ms) ===
2026-09-27 02:08:42.104 +03:00 [INF] === ScheduledChecks BAŞLADI ===
2026-09-27 02:08:42.119 +03:00 [INF] Executed DbCommand (10ms) [Parameters=[], CommandType='"Text"', CommandTimeout='30']
SELECT [s].[Id], [s].[CompanyCode], [s].[EncryptedPassword], [s].[FirmaId], [s].[IsActive], [s].[LastErrorMessage], [s].[LastFailedRunAt], [s].[LastSuccessfulRunAt], [s].[Name], [s].[NotificationEmails], [s].[ScheduleHour], [s].[ScheduleMode], [s].[Username]
FROM [SovosCompanies] AS [s]
WHERE [s].[IsActive] = CAST(1 AS bit)
2026-09-27 02:08:42.121 +03:00 [INF] 🧮 IsDue "Daily" | Id=1 nowHour=2 schedHour=22 lastDate=2026-09-26 nowDate=2026-09-27 → false
2026-09-27 02:08:42.122 +03:00 [INF] 🧮 IsDue "Daily" | Id=2 nowHour=2 schedHour=9 lastDate=2026-09-26 nowDate=2026-09-27 → false
2026-09-27 02:08:42.123 +03:00 [INF] 🧮 IsDue "Manual" | Id=3 nowHour=2 schedHour=9 lastDate=NULL nowDate=2026-09-27 → false
2026-09-27 02:08:42.124 +03:00 [INF] === ScheduledChecks BİTTİ (19ms) ===
2026-09-27 02:09:42.128 +03:00 [INF] === ScheduledChecks BAŞLADI ===
2026-09-27 02:09:42.142 +03:00 [INF] Executed DbCommand (11ms) [Parameters=[], CommandType='"Text"', CommandTimeout='30']
SELECT [s].[Id], [s].[CompanyCode], [s].[EncryptedPassword], [s].[FirmaId], [s].[IsActive], [s].[LastErrorMessage], [s].[LastFailedRunAt], [s].[LastSuccessfulRunAt], [s].[Name], [s].[NotificationEmails], [s].[ScheduleHour], [s].[ScheduleMode], [s].[Username]
FROM [SovosCompanies] AS [s]
WHERE [s].[IsActive] = CAST(1 AS bit)
2026-09-27 02:09:42.144 +03:00 [INF] 🧮 IsDue "Daily" | Id=1 nowHour=2 schedHour=22 lastDate=2026-09-26 nowDate=2026-09-27 → false
2026-09-27 02:09:42.145 +03:00 [INF] 🧮 IsDue "Daily" | Id=2 nowHour=2 schedHour=9 lastDate=2026-09-26 nowDate=2026-09-27 → false
2026-09-27 02:09:42.146 +03:00 [INF] 🧮 IsDue "Manual" | Id=3 nowHour=2 schedHour=9 lastDate=NULL nowDate=2026-09-27 → false
2026-09-27 02:09:42.147 +03:00 [INF] === ScheduledChecks BİTTİ (18ms) ===
2026-09-27 02:10:42.152 +03:00 [INF] === ScheduledChecks BAŞLADI ===
2026-09-27 02:10:42.166 +03:00 [INF] Executed DbCommand (9ms) [Parameters=[], CommandType='"Text"', CommandTimeout='30']
SELECT [s].[Id], [s].[CompanyCode], [s].[EncryptedPassword], [s].[FirmaId], [s].[IsActive], [s].[LastErrorMessage], [s].[LastFailedRunAt], [s].[LastSuccessfulRunAt], [s].[Name], [s].[NotificationEmails], [s].[ScheduleHour], [s].[ScheduleMode], [s].[Username]
FROM [SovosCompanies] AS [s]
WHERE [s].[IsActive] = CAST(1 AS bit)
2026-09-27 02:10:42.170 +03:00 [INF] 🧮 IsDue "Daily" | Id=1 nowHour=2 schedHour=22 lastDate=2026-09-26 nowDate=2026-09-27 → false
2026-09-27 02:10:42.171 +03:00 [INF] 🧮 IsDue "Daily" | Id=2 nowHour=2 schedHour=9 lastDate=2026-09-26 nowDate=2026-09-27 → false
2026-09-27 02:10:42.172 +03:00 [INF] 🧮 IsDue "Manual" | Id=3 nowHour=2 schedHour=9 lastDate=NULL nowDate=2026-09-27 → false
2026-09-27 02:10:42.173 +03:00 [INF] === ScheduledChecks BİTTİ (20ms) ===
2026-09-27 02:11:42.180 +03:00 [INF] === ScheduledChecks BAŞLADI ===
2026-09-27 02:11:42.188 +03:00 [INF] Executed DbCommand (6ms) [Parameters=[], CommandType='"Text"', CommandTimeout='30']
SELECT [s].[Id], [s].[CompanyCode], [s].[EncryptedPassword], [s].[FirmaId], [s].[IsActive], [s].[LastErrorMessage], [s].[LastFailedRunAt], [s].[LastSuccessfulRunAt], [s].[Name], [s].[NotificationEmails], [s].[ScheduleHour], [s].[ScheduleMode], [s].[Username]
FROM [SovosCompanies] AS [s]
WHERE [s].[IsActive] = CAST(1 AS bit)
2026-09-27 02:11:42.189 +03:00 [INF] 🧮 IsDue "Daily" | Id=1 nowHour=2 schedHour=22 lastDate=2026-09-26 nowDate=2026-09-27 → false
2026-09-27 02:11:42.190 +03:00 [INF] 🧮 IsDue "Daily" | Id=2 nowHour=2 schedHour=9 lastDate=2026-09-26 nowDate=2026-09-27 → false
2026-09-27 02:11:42.191 +03:00 [INF] 🧮 IsDue "Manual" | Id=3 nowHour=2 schedHour=9 lastDate=NULL nowDate=2026-09-27 → false
2026-09-27 02:11:42.192 +03:00 [INF] === ScheduledChecks BİTTİ (11ms) ===
2026-09-27 02:12:42.200 +03:00 [INF] === ScheduledChecks BAŞLADI ===
2026-09-27 02:12:42.212 +03:00 [INF] Executed DbCommand (7ms) [Parameters=[], CommandType='"Text"', CommandTimeout='30']
SELECT [s].[Id], [s].[CompanyCode], [s].[EncryptedPassword], [s].[FirmaId], [s].[IsActive], [s].[LastErrorMessage], [s].[LastFailedRunAt], [s].[LastSuccessfulRunAt], [s].[Name], [s].[NotificationEmails], [s].[ScheduleHour], [s].[ScheduleMode], [s].[Username]
FROM [SovosCompanies] AS [s]
WHERE [s].[IsActive] = CAST(1 AS bit)
2026-09-27 02:12:42.213 +03:00 [INF] 🧮 IsDue "Daily" | Id=1 nowHour=2 schedHour=22 lastDate=2026-09-26 nowDate=2026-09-27 → false
2026-09-27 02:12:42.214 +03:00 [INF] 🧮 IsDue "Daily" | Id=2 nowHour=2 schedHour=9 lastDate=2026-09-26 nowDate=2026-09-27 → false
2026-09-27 02:12:42.215 +03:00 [INF] 🧮 IsDue "Manual" | Id=3 nowHour=2 schedHour=9 lastDate=NULL nowDate=2026-09-27 → false
2026-09-27 02:12:42.216 +03:00 [INF] === ScheduledChecks BİTTİ (15ms) ===
2026-09-27 02:13:42.228 +03:00 [INF] === ScheduledChecks BAŞLADI ===
2026-09-27 02:13:42.240 +03:00 [INF] Executed DbCommand (7ms) [Parameters=[], CommandType='"Text"', CommandTimeout='30']
SELECT [s].[Id], [s].[CompanyCode], [s].[EncryptedPassword], [s].[FirmaId], [s].[IsActive], [s].[LastErrorMessage], [s].[LastFailedRunAt], [s].[LastSuccessfulRunAt], [s].[Name], [s].[NotificationEmails], [s].[ScheduleHour], [s].[ScheduleMode], [s].[Username]
FROM [SovosCompanies] AS [s]
WHERE [s].[IsActive] = CAST(1 AS bit)
2026-09-27 02:13:42.241 +03:00 [INF] 🧮 IsDue "Daily" | Id=1 nowHour=2 schedHour=22 lastDate=2026-09-26 nowDate=2026-09-27 → false
2026-09-27 02:13:42.243 +03:00 [INF] 🧮 IsDue "Daily" | Id=2 nowHour=2 schedHour=9 lastDate=2026-09-26 nowDate=2026-09-27 → false
2026-09-27 02:13:42.244 +03:00 [INF] 🧮 IsDue "Manual" | Id=3 nowHour=2 schedHour=9 lastDate=NULL nowDate=2026-09-27 → false
2026-09-27 02:13:42.245 +03:00 [INF] === ScheduledChecks BİTTİ (16ms) ===
2026-09-27 02:14:42.254 +03:00 [INF] === ScheduledChecks BAŞLADI ===
2026-09-27 02:14:42.262 +03:00 [INF] Executed DbCommand (3ms) [Parameters=[], CommandType='"Text"', CommandTimeout='30']
SELECT [s].[Id], [s].[CompanyCode], [s].[EncryptedPassword], [s].[FirmaId], [s].[IsActive], [s].[LastErrorMessage], [s].[LastFailedRunAt], [s].[LastSuccessfulRunAt], [s].[Name], [s].[NotificationEmails], [s].[ScheduleHour], [s].[ScheduleMode], [s].[Username]
FROM [SovosCompanies] AS [s]
WHERE [s].[IsActive] = CAST(1 AS bit)
2026-09-27 02:14:42.263 +03:00 [INF] 🧮 IsDue "Daily" | Id=1 nowHour=2 schedHour=22 lastDate=2026-09-26 nowDate=2026-09-27 → false
2026-09-27 02:14:42.264 +03:00 [INF] 🧮 IsDue "Daily" | Id=2 nowHour=2 schedHour=9 lastDate=2026-09-26 nowDate=2026-09-27 → false
2026-09-27 02:14:42.265 +03:00 [INF] 🧮 IsDue "Manual" | Id=3 nowHour=2 schedHour=9 lastDate=NULL nowDate=2026-09-27 → false
2026-09-27 02:14:42.267 +03:00 [INF] === ScheduledChecks BİTTİ (11ms) ===
2026-09-27 02:15:42.269 +03:00 [INF] === ScheduledChecks BAŞLADI ===
2026-09-27 02:15:42.281 +03:00 [INF] Executed DbCommand (5ms) [Parameters=[], CommandType='"Text"', CommandTimeout='30']
SELECT [s].[Id], [s].[CompanyCode], [s].[EncryptedPassword], [s].[FirmaId], [s].[IsActive], [s].[LastErrorMessage], [s].[LastFailedRunAt], [s].[LastSuccessfulRunAt], [s].[Name], [s].[NotificationEmails], [s].[ScheduleHour], [s].[ScheduleMode], [s].[Username]
FROM [SovosCompanies] AS [s]
WHERE [s].[IsActive] = CAST(1 AS bit)
2026-09-27 02:15:42.282 +03:00 [INF] 🧮 IsDue "Daily" | Id=1 nowHour=2 schedHour=22 lastDate=2026-09-26 nowDate=2026-09-27 → false
2026-09-27 02:15:42.284 +03:00 [INF] 🧮 IsDue "Daily" | Id=2 nowHour=2 schedHour=9 lastDate=2026-09-26 nowDate=2026-09-27 → false
2026-09-27 02:15:42.285 +03:00 [INF] 🧮 IsDue "Manual" | Id=3 nowHour=2 schedHour=9 lastDate=NULL nowDate=2026-09-27 → false
2026-09-27 02:15:42.286 +03:00 [INF] === ScheduledChecks BİTTİ (16ms) ===
2026-09-27 02:16:42.302 +03:00 [INF] === ScheduledChecks BAŞLADI ===
2026-09-27 02:16:42.313 +03:00 [INF] Executed DbCommand (3ms) [Parameters=[], CommandType='"Text"', CommandTimeout='30']
SELECT [s].[Id], [s].[CompanyCode], [s].[EncryptedPassword], [s].[FirmaId], [s].[IsActive], [s].[LastErrorMessage], [s].[LastFailedRunAt], [s].[LastSuccessfulRunAt], [s].[Name], [s].[NotificationEmails], [s].[ScheduleHour], [s].[ScheduleMode], [s].[Username]
FROM [SovosCompanies] AS [s]
WHERE [s].[IsActive] = CAST(1 AS bit)
2026-09-27 02:16:42.315 +03:00 [INF] 🧮 IsDue "Daily" | Id=1 nowHour=2 schedHour=22 lastDate=2026-09-26 nowDate=2026-09-27 → false
2026-09-27 02:16:42.316 +03:00 [INF] 🧮 IsDue "Daily" | Id=2 nowHour=2 schedHour=9 lastDate=2026-09-26 nowDate=2026-09-27 → false
2026-09-27 02:16:42.318 +03:00 [INF] 🧮 IsDue "Manual" | Id=3 nowHour=2 schedHour=9 lastDate=NULL nowDate=2026-09-27 → false
2026-09-27 02:16:42.319 +03:00 [INF] === ScheduledChecks BİTTİ (16ms) ===
2026-09-27 02:17:42.326 +03:00 [INF] === ScheduledChecks BAŞLADI ===
2026-09-27 02:17:42.331 +03:00 [INF] Executed DbCommand (3ms) [Parameters=[], CommandType='"Text"', CommandTimeout='30']
SELECT [s].[Id], [s].[CompanyCode], [s].[EncryptedPassword], [s].[FirmaId], [s].[IsActive], [s].[LastErrorMessage], [s].[LastFailedRunAt], [s].[LastSuccessfulRunAt], [s].[Name], [s].[NotificationEmails], [s].[ScheduleHour], [s].[ScheduleMode], [s].[Username]
FROM [SovosCompanies] AS [s]
WHERE [s].[IsActive] = CAST(1 AS bit)
2026-09-27 02:17:42.333 +03:00 [INF] 🧮 IsDue "Daily" | Id=1 nowHour=2 schedHour=22 lastDate=2026-09-26 nowDate=2026-09-27 → false
2026-09-27 02:17:42.334 +03:00 [INF] 🧮 IsDue "Daily" | Id=2 nowHour=2 schedHour=9 lastDate=2026-09-26 nowDate=2026-09-27 → false
2026-09-27 02:17:42.336 +03:00 [INF] 🧮 IsDue "Manual" | Id=3 nowHour=2 schedHour=9 lastDate=NULL nowDate=2026-09-27 → false
2026-09-27 02:17:42.337 +03:00 [INF] === ScheduledChecks BİTTİ (9ms) ===
2026-09-27 02:18:42.348 +03:00 [INF] === ScheduledChecks BAŞLADI ===
2026-09-27 02:18:42.360 +03:00 [INF] Executed DbCommand (5ms) [Parameters=[], CommandType='"Text"', CommandTimeout='30']
SELECT [s].[Id], [s].[CompanyCode], [s].[EncryptedPassword], [s].[FirmaId], [s].[IsActive], [s].[LastErrorMessage], [s].[LastFailedRunAt], [s].[LastSuccessfulRunAt], [s].[Name], [s].[NotificationEmails], [s].[ScheduleHour], [s].[ScheduleMode], [s].[Username]
FROM [SovosCompanies] AS [s]
WHERE [s].[IsActive] = CAST(1 AS bit)
2026-09-27 02:18:42.362 +03:00 [INF] 🧮 IsDue "Daily" | Id=1 nowHour=2 schedHour=22 lastDate=2026-09-26 nowDate=2026-09-27 → false
2026-09-27 02:18:42.364 +03:00 [INF] 🧮 IsDue "Daily" | Id=2 nowHour=2 schedHour=9 lastDate=2026-09-26 nowDate=2026-09-27 → false
2026-09-27 02:18:42.366 +03:00 [INF] 🧮 IsDue "Manual" | Id=3 nowHour=2 schedHour=9 lastDate=NULL nowDate=2026-09-27 → false
2026-09-27 02:18:42.368 +03:00 [INF] === ScheduledChecks BİTTİ (18ms) ===
2026-09-27 02:19:42.379 +03:00 [INF] === ScheduledChecks BAŞLADI ===
2026-09-27 02:19:42.392 +03:00 [INF] Executed DbCommand (3ms) [Parameters=[], CommandType='"Text"', CommandTimeout='30']
SELECT [s].[Id], [s].[CompanyCode], [s].[EncryptedPassword], [s].[FirmaId], [s].[IsActive], [s].[LastErrorMessage], [s].[LastFailedRunAt], [s].[LastSuccessfulRunAt], [s].[Name], [s].[NotificationEmails], [s].[ScheduleHour], [s].[ScheduleMode], [s].[Username]
FROM [SovosCompanies] AS [s]
WHERE [s].[IsActive] = CAST(1 AS bit)
2026-09-27 02:19:42.393 +03:00 [INF] 🧮 IsDue "Daily" | Id=1 nowHour=2 schedHour=22 lastDate=2026-09-26 nowDate=2026-09-27 → false
2026-09-27 02:19:42.394 +03:00 [INF] 🧮 IsDue "Daily" | Id=2 nowHour=2 schedHour=9 lastDate=2026-09-26 nowDate=2026-09-27 → false
2026-09-27 02:19:42.396 +03:00 [INF] 🧮 IsDue "Manual" | Id=3 nowHour=2 schedHour=9 lastDate=NULL nowDate=2026-09-27 → false
2026-09-27 02:19:42.397 +03:00 [INF] === ScheduledChecks BİTTİ (16ms) ===
2026-09-27 02:20:42.401 +03:00 [INF] === ScheduledChecks BAŞLADI ===
2026-09-27 02:20:42.409 +03:00 [INF] Executed DbCommand (3ms) [Parameters=[], CommandType='"Text"', CommandTimeout='30']
SELECT [s].[Id], [s].[CompanyCode], [s].[EncryptedPassword], [s].[FirmaId], [s].[IsActive], [s].[LastErrorMessage], [s].[LastFailedRunAt], [s].[LastSuccessfulRunAt], [s].[Name], [s].[NotificationEmails], [s].[ScheduleHour], [s].[ScheduleMode], [s].[Username]
FROM [SovosCompanies] AS [s]
WHERE [s].[IsActive] = CAST(1 AS bit)
2026-09-27 02:20:42.411 +03:00 [INF] 🧮 IsDue "Daily" | Id=1 nowHour=2 schedHour=22 lastDate=2026-09-26 nowDate=2026-09-27 → false
2026-09-27 02:20:42.412 +03:00 [INF] 🧮 IsDue "Daily" | Id=2 nowHour=2 schedHour=9 lastDate=2026-09-26 nowDate=2026-09-27 → false
2026-09-27 02:20:42.414 +03:00 [INF] 🧮 IsDue "Manual" | Id=3 nowHour=2 schedHour=9 lastDate=NULL nowDate=2026-09-27 → false
2026-09-27 02:20:42.415 +03:00 [INF] === ScheduledChecks BİTTİ (12ms) ===
2026-09-27 02:21:42.415 +03:00 [INF] === ScheduledChecks BAŞLADI ===
2026-09-27 02:21:42.449 +03:00 [INF] Executed DbCommand (30ms) [Parameters=[], CommandType='"Text"', CommandTimeout='30']
SELECT [s].[Id], [s].[CompanyCode], [s].[EncryptedPassword], [s].[FirmaId], [s].[IsActive], [s].[LastErrorMessage], [s].[LastFailedRunAt], [s].[LastSuccessfulRunAt], [s].[Name], [s].[NotificationEmails], [s].[ScheduleHour], [s].[ScheduleMode], [s].[Username]
FROM [SovosCompanies] AS [s]
WHERE [s].[IsActive] = CAST(1 AS bit)
2026-09-27 02:21:42.457 +03:00 [INF] 🧮 IsDue "Daily" | Id=1 nowHour=2 schedHour=22 lastDate=2026-09-26 nowDate=2026-09-27 → false
2026-09-27 02:21:42.459 +03:00 [INF] 🧮 IsDue "Daily" | Id=2 nowHour=2 schedHour=9 lastDate=2026-09-26 nowDate=2026-09-27 → false
2026-09-27 02:21:42.460 +03:00 [INF] 🧮 IsDue "Manual" | Id=3 nowHour=2 schedHour=9 lastDate=NULL nowDate=2026-09-27 → false
2026-09-27 02:21:42.461 +03:00 [INF] === ScheduledChecks BİTTİ (45ms) ===
2026-09-27 02:22:42.468 +03:00 [INF] === ScheduledChecks BAŞLADI ===
2026-09-27 02:22:42.475 +03:00 [INF] Executed DbCommand (4ms) [Parameters=[], CommandType='"Text"', CommandTimeout='30']
SELECT [s].[Id], [s].[CompanyCode], [s].[EncryptedPassword], [s].[FirmaId], [s].[IsActive], [s].[LastErrorMessage], [s].[LastFailedRunAt], [s].[LastSuccessfulRunAt], [s].[Name], [s].[NotificationEmails], [s].[ScheduleHour], [s].[ScheduleMode], [s].[Username]
FROM [SovosCompanies] AS [s]
WHERE [s].[IsActive] = CAST(1 AS bit)
2026-09-27 02:22:42.477 +03:00 [INF] 🧮 IsDue "Daily" | Id=1 nowHour=2 schedHour=22 lastDate=2026-09-26 nowDate=2026-09-27 → false
2026-09-27 02:22:42.478 +03:00 [INF] 🧮 IsDue "Daily" | Id=2 nowHour=2 schedHour=9 lastDate=2026-09-26 nowDate=2026-09-27 → false
2026-09-27 02:22:42.479 +03:00 [INF] 🧮 IsDue "Manual" | Id=3 nowHour=2 schedHour=9 lastDate=NULL nowDate=2026-09-27 → false
2026-09-27 02:22:42.480 +03:00 [INF] === ScheduledChecks BİTTİ (10ms) ===
2026-09-27 02:23:42.491 +03:00 [INF] === ScheduledChecks BAŞLADI ===
2026-09-27 02:23:42.497 +03:00 [INF] Executed DbCommand (4ms) [Parameters=[], CommandType='"Text"', CommandTimeout='30']
SELECT [s].[Id], [s].[CompanyCode], [s].[EncryptedPassword], [s].[FirmaId], [s].[IsActive], [s].[LastErrorMessage], [s].[LastFailedRunAt], [s].[LastSuccessfulRunAt], [s].[Name], [s].[NotificationEmails], [s].[ScheduleHour], [s].[ScheduleMode], [s].[Username]
FROM [SovosCompanies] AS [s]
WHERE [s].[IsActive] = CAST(1 AS bit)
2026-09-27 02:23:42.499 +03:00 [INF] 🧮 IsDue "Daily" | Id=1 nowHour=2 schedHour=22 lastDate=2026-09-26 nowDate=2026-09-27 → false
2026-09-27 02:23:42.500 +03:00 [INF] 🧮 IsDue "Daily" | Id=2 nowHour=2 schedHour=9 lastDate=2026-09-26 nowDate=2026-09-27 → false
2026-09-27 02:23:42.501 +03:00 [INF] 🧮 IsDue "Manual" | Id=3 nowHour=2 schedHour=9 lastDate=NULL nowDate=2026-09-27 → false
2026-09-27 02:23:42.502 +03:00 [INF] === ScheduledChecks BİTTİ (10ms) ===
2026-09-27 02:24:42.515 +03:00 [INF] === ScheduledChecks BAŞLADI ===
2026-09-27 02:24:42.521 +03:00 [INF] Executed DbCommand (3ms) [Parameters=[], CommandType='"Text"', CommandTimeout='30']
SELECT [s].[Id], [s].[CompanyCode], [s].[EncryptedPassword], [s].[FirmaId], [s].[IsActive], [s].[LastErrorMessage], [s].[LastFailedRunAt], [s].[LastSuccessfulRunAt], [s].[Name], [s].[NotificationEmails], [s].[ScheduleHour], [s].[ScheduleMode], [s].[Username]
FROM [SovosCompanies] AS [s]
WHERE [s].[IsActive] = CAST(1 AS bit)
2026-09-27 02:24:42.549 +03:00 [INF] 🧮 IsDue "Daily" | Id=1 nowHour=2 schedHour=22 lastDate=2026-09-26 nowDate=2026-09-27 → false
2026-09-27 02:24:42.551 +03:00 [INF] 🧮 IsDue "Daily" | Id=2 nowHour=2 schedHour=9 lastDate=2026-09-26 nowDate=2026-09-27 → false
2026-09-27 02:24:42.552 +03:00 [INF] 🧮 IsDue "Manual" | Id=3 nowHour=2 schedHour=9 lastDate=NULL nowDate=2026-09-27 → false
2026-09-27 02:24:42.553 +03:00 [INF] === ScheduledChecks BİTTİ (36ms) ===
2026-09-27 02:25:42.562 +03:00 [INF] === ScheduledChecks BAŞLADI ===
2026-09-27 02:25:42.569 +03:00 [INF] Executed DbCommand (4ms) [Parameters=[], CommandType='"Text"', CommandTimeout='30']
SELECT [s].[Id], [s].[CompanyCode], [s].[EncryptedPassword], [s].[FirmaId], [s].[IsActive], [s].[LastErrorMessage], [s].[LastFailedRunAt], [s].[LastSuccessfulRunAt], [s].[Name], [s].[NotificationEmails], [s].[ScheduleHour], [s].[ScheduleMode], [s].[Username]
FROM [SovosCompanies] AS [s]
WHERE [s].[IsActive] = CAST(1 AS bit)
2026-09-27 02:25:42.570 +03:00 [INF] 🧮 IsDue "Daily" | Id=1 nowHour=2 schedHour=22 lastDate=2026-09-26 nowDate=2026-09-27 → false
2026-09-27 02:25:42.571 +03:00 [INF] 🧮 IsDue "Daily" | Id=2 nowHour=2 schedHour=9 lastDate=2026-09-26 nowDate=2026-09-27 → false
2026-09-27 02:25:42.572 +03:00 [INF] 🧮 IsDue "Manual" | Id=3 nowHour=2 schedHour=9 lastDate=NULL nowDate=2026-09-27 → false
2026-09-27 02:25:42.573 +03:00 [INF] === ScheduledChecks BİTTİ (9ms) ===
2026-09-27 02:26:42.585 +03:00 [INF] === ScheduledChecks BAŞLADI ===
2026-09-27 02:26:42.593 +03:00 [INF] Executed DbCommand (3ms) [Parameters=[], CommandType='"Text"', CommandTimeout='30']
SELECT [s].[Id], [s].[CompanyCode], [s].[EncryptedPassword], [s].[FirmaId], [s].[IsActive], [s].[LastErrorMessage], [s].[LastFailedRunAt], [s].[LastSuccessfulRunAt], [s].[Name], [s].[NotificationEmails], [s].[ScheduleHour], [s].[ScheduleMode], [s].[Username]
FROM [SovosCompanies] AS [s]
WHERE [s].[IsActive] = CAST(1 AS bit)
2026-09-27 02:26:42.594 +03:00 [INF] 🧮 IsDue "Daily" | Id=1 nowHour=2 schedHour=22 lastDate=2026-09-26 nowDate=2026-09-27 → false
2026-09-27 02:26:42.595 +03:00 [INF] 🧮 IsDue "Daily" | Id=2 nowHour=2 schedHour=9 lastDate=2026-09-26 nowDate=2026-09-27 → false
2026-09-27 02:26:42.597 +03:00 [INF] 🧮 IsDue "Manual" | Id=3 nowHour=2 schedHour=9 lastDate=NULL nowDate=2026-09-27 → false
2026-09-27 02:26:42.598 +03:00 [INF] === ScheduledChecks BİTTİ (11ms) ===
2026-09-27 02:27:42.612 +03:00 [INF] === ScheduledChecks BAŞLADI ===
2026-09-27 02:27:42.619 +03:00 [INF] Executed DbCommand (5ms) [Parameters=[], CommandType='"Text"', CommandTimeout='30']
SELECT [s].[Id], [s].[CompanyCode], [s].[EncryptedPassword], [s].[FirmaId], [s].[IsActive], [s].[LastErrorMessage], [s].[LastFailedRunAt], [s].[LastSuccessfulRunAt], [s].[Name], [s].[NotificationEmails], [s].[ScheduleHour], [s].[ScheduleMode], [s].[Username]
FROM [SovosCompanies] AS [s]
WHERE [s].[IsActive] = CAST(1 AS bit)
2026-09-27 02:27:42.620 +03:00 [INF] 🧮 IsDue "Daily" | Id=1 nowHour=2 schedHour=22 lastDate=2026-09-26 nowDate=2026-09-27 → false
2026-09-27 02:27:42.621 +03:00 [INF] 🧮 IsDue "Daily" | Id=2 nowHour=2 schedHour=9 lastDate=2026-09-26 nowDate=2026-09-27 → false
2026-09-27 02:27:42.622 +03:00 [INF] 🧮 IsDue "Manual" | Id=3 nowHour=2 schedHour=9 lastDate=NULL nowDate=2026-09-27 → false
2026-09-27 02:27:42.623 +03:00 [INF] === ScheduledChecks BİTTİ (10ms) ===
2026-09-27 02:28:42.639 +03:00 [INF] === ScheduledChecks BAŞLADI ===
2026-09-27 02:28:42.647 +03:00 [INF] Executed DbCommand (5ms) [Parameters=[], CommandType='"Text"', CommandTimeout='30']
SELECT [s].[Id], [s].[CompanyCode], [s].[EncryptedPassword], [s].[FirmaId], [s].[IsActive], [s].[LastErrorMessage], [s].[LastFailedRunAt], [s].[LastSuccessfulRunAt], [s].[Name], [s].[NotificationEmails], [s].[ScheduleHour], [s].[ScheduleMode], [s].[Username]
FROM [SovosCompanies] AS [s]
WHERE [s].[IsActive] = CAST(1 AS bit)
2026-09-27 02:28:42.650 +03:00 [INF] 🧮 IsDue "Daily" | Id=1 nowHour=2 schedHour=22 lastDate=2026-09-26 nowDate=2026-09-27 → false
2026-09-27 02:28:42.651 +03:00 [INF] 🧮 IsDue "Daily" | Id=2 nowHour=2 schedHour=9 lastDate=2026-09-26 nowDate=2026-09-27 → false
2026-09-27 02:28:42.652 +03:00 [INF] 🧮 IsDue "Manual" | Id=3 nowHour=2 schedHour=9 lastDate=NULL nowDate=2026-09-27 → false
2026-09-27 02:28:42.653 +03:00 [INF] === ScheduledChecks BİTTİ (12ms) ===
2026-09-27 02:29:42.668 +03:00 [INF] === ScheduledChecks BAŞLADI ===
2026-09-27 02:29:42.677 +03:00 [INF] Executed DbCommand (6ms) [Parameters=[], CommandType='"Text"', CommandTimeout='30']
SELECT [s].[Id], [s].[CompanyCode], [s].[EncryptedPassword], [s].[FirmaId], [s].[IsActive], [s].[LastErrorMessage], [s].[LastFailedRunAt], [s].[LastSuccessfulRunAt], [s].[Name], [s].[NotificationEmails], [s].[ScheduleHour], [s].[ScheduleMode], [s].[Username]
FROM [SovosCompanies] AS [s]
WHERE [s].[IsActive] = CAST(1 AS bit)
2026-09-27 02:29:42.683 +03:00 [INF] 🧮 IsDue "Daily" | Id=1 nowHour=2 schedHour=22 lastDate=2026-09-26 nowDate=2026-09-27 → false
2026-09-27 02:29:42.684 +03:00 [INF] 🧮 IsDue "Daily" | Id=2 nowHour=2 schedHour=9 lastDate=2026-09-26 nowDate=2026-09-27 → false
2026-09-27 02:29:42.686 +03:00 [INF] 🧮 IsDue "Manual" | Id=3 nowHour=2 schedHour=9 lastDate=NULL nowDate=2026-09-27 → false
2026-09-27 02:29:42.687 +03:00 [INF] === ScheduledChecks BİTTİ (18ms) ===
2026-09-27 02:30:42.692 +03:00 [INF] === ScheduledChecks BAŞLADI ===
2026-09-27 02:30:42.714 +03:00 [INF] Executed DbCommand (14ms) [Parameters=[], CommandType='"Text"', CommandTimeout='30']
SELECT [s].[Id], [s].[CompanyCode], [s].[EncryptedPassword], [s].[FirmaId], [s].[IsActive], [s].[LastErrorMessage], [s].[LastFailedRunAt], [s].[LastSuccessfulRunAt], [s].[Name], [s].[NotificationEmails], [s].[ScheduleHour], [s].[ScheduleMode], [s].[Username]
FROM [SovosCompanies] AS [s]
WHERE [s].[IsActive] = CAST(1 AS bit)
2026-09-27 02:30:42.721 +03:00 [INF] 🧮 IsDue "Daily" | Id=1 nowHour=2 schedHour=22 lastDate=2026-09-26 nowDate=2026-09-27 → false
2026-09-27 02:30:42.723 +03:00 [INF] 🧮 IsDue "Daily" | Id=2 nowHour=2 schedHour=9 lastDate=2026-09-26 nowDate=2026-09-27 → false
2026-09-27 02:30:42.724 +03:00 [INF] 🧮 IsDue "Manual" | Id=3 nowHour=2 schedHour=9 lastDate=NULL nowDate=2026-09-27 → false
2026-09-27 02:30:42.726 +03:00 [INF] === ScheduledChecks BİTTİ (32ms) ===
2026-09-27 02:31:42.739 +03:00 [INF] === ScheduledChecks BAŞLADI ===
2026-09-27 02:31:42.784 +03:00 [INF] Executed DbCommand (41ms) [Parameters=[], CommandType='"Text"', CommandTimeout='30']
SELECT [s].[Id], [s].[CompanyCode], [s].[EncryptedPassword], [s].[FirmaId], [s].[IsActive], [s].[LastErrorMessage], [s].[LastFailedRunAt], [s].[LastSuccessfulRunAt], [s].[Name], [s].[NotificationEmails], [s].[ScheduleHour], [s].[ScheduleMode], [s].[Username]
FROM [SovosCompanies] AS [s]
WHERE [s].[IsActive] = CAST(1 AS bit)
2026-09-27 02:31:42.786 +03:00 [INF] 🧮 IsDue "Daily" | Id=1 nowHour=2 schedHour=22 lastDate=2026-09-26 nowDate=2026-09-27 → false
2026-09-27 02:31:42.787 +03:00 [INF] 🧮 IsDue "Daily" | Id=2 nowHour=2 schedHour=9 lastDate=2026-09-26 nowDate=2026-09-27 → false
2026-09-27 02:31:42.789 +03:00 [INF] 🧮 IsDue "Manual" | Id=3 nowHour=2 schedHour=9 lastDate=NULL nowDate=2026-09-27 → false
2026-09-27 02:31:42.790 +03:00 [INF] === ScheduledChecks BİTTİ (50ms) ===
2026-09-27 02:32:42.803 +03:00 [INF] === ScheduledChecks BAŞLADI ===
2026-09-27 02:32:42.824 +03:00 [INF] Executed DbCommand (18ms) [Parameters=[], CommandType='"Text"', CommandTimeout='30']
SELECT [s].[Id], [s].[CompanyCode], [s].[EncryptedPassword], [s].[FirmaId], [s].[IsActive], [s].[LastErrorMessage], [s].[LastFailedRunAt], [s].[LastSuccessfulRunAt], [s].[Name], [s].[NotificationEmails], [s].[ScheduleHour], [s].[ScheduleMode], [s].[Username]
FROM [SovosCompanies] AS [s]
WHERE [s].[IsActive] = CAST(1 AS bit)
2026-09-27 02:32:42.826 +03:00 [INF] 🧮 IsDue "Daily" | Id=1 nowHour=2 schedHour=22 lastDate=2026-09-26 nowDate=2026-09-27 → false
2026-09-27 02:32:42.828 +03:00 [INF] 🧮 IsDue "Daily" | Id=2 nowHour=2 schedHour=9 lastDate=2026-09-26 nowDate=2026-09-27 → false
2026-09-27 02:32:42.830 +03:00 [INF] 🧮 IsDue "Manual" | Id=3 nowHour=2 schedHour=9 lastDate=NULL nowDate=2026-09-27 → false
2026-09-27 02:32:42.831 +03:00 [INF] === ScheduledChecks BİTTİ (26ms) ===
2026-09-27 02:37:47.842 +03:00 [INF] Executed DbCommand (23ms) [Parameters=[], CommandType='"Text"', CommandTimeout='30']
SELECT 1
2026-09-27 02:37:47.953 +03:00 [INF] Executed DbCommand (29ms) [Parameters=[], CommandType='"Text"', CommandTimeout='30']
SELECT OBJECT_ID(N'[__EFMigrationsHistory]');
2026-09-27 02:37:47.967 +03:00 [INF] Executed DbCommand (4ms) [Parameters=[], CommandType='"Text"', CommandTimeout='30']
SELECT 1
2026-09-27 02:37:47.974 +03:00 [INF] Executed DbCommand (2ms) [Parameters=[], CommandType='"Text"', CommandTimeout='30']
SELECT OBJECT_ID(N'[__EFMigrationsHistory]');
2026-09-27 02:37:48.015 +03:00 [INF] Executed DbCommand (6ms) [Parameters=[], CommandType='"Text"', CommandTimeout='30']
SELECT [MigrationId], [ProductVersion]
FROM [__EFMigrationsHistory]
ORDER BY [MigrationId];
2026-09-27 02:37:48.139 +03:00 [INF] No migrations were applied. The database is already up to date.
2026-09-27 02:37:48.461 +03:00 [INF] InvoiceCheckWorker başladı. InitialDelay=30sn
2026-09-27 02:37:48.720 +03:00 [WRN] Overriding address(es) 'http://localhost:5011'. Binding to endpoints defined via IConfiguration and/or UseKestrel() instead.
2026-09-27 02:37:48.745 +03:00 [INF] Now listening on: http://localhost:5011
2026-09-27 02:37:49.009 +03:00 [INF] Application started. Press Ctrl+C to shut down.
2026-09-27 02:37:49.011 +03:00 [INF] Hosting environment: Development
2026-09-27 02:37:49.013 +03:00 [INF] Content root path: C:\GitHub\CengizMicroService\Sovos\Sovos.InvoiceWorker
2026-09-27 02:38:18.518 +03:00 [INF] === ScheduledChecks BAŞLADI ===
2026-09-27 02:38:18.827 +03:00 [INF] Executed DbCommand (60ms) [Parameters=[], CommandType='"Text"', CommandTimeout='30']
SELECT [s].[Id], [s].[CompanyCode], [s].[EncryptedPassword], [s].[FirmaId], [s].[IsActive], [s].[LastErrorMessage], [s].[LastFailedRunAt], [s].[LastSuccessfulRunAt], [s].[Name], [s].[NotificationEmails], [s].[ScheduleHour], [s].[ScheduleMode], [s].[Username]
FROM [SovosCompanies] AS [s]
WHERE [s].[IsActive] = CAST(1 AS bit)
2026-09-27 02:38:18.904 +03:00 [INF] 🧮 IsDue "Daily" | Id=1 nowHour=2 schedHour=22 lastDate=2026-09-26 nowDate=2026-09-27 → false
2026-09-27 02:38:18.921 +03:00 [INF] 🧮 IsDue "Daily" | Id=2 nowHour=2 schedHour=9 lastDate=2026-09-26 nowDate=2026-09-27 → false
2026-09-27 02:38:18.922 +03:00 [INF] 🧮 IsDue "Manual" | Id=3 nowHour=2 schedHour=9 lastDate=NULL nowDate=2026-09-27 → false
2026-09-27 02:38:18.923 +03:00 [INF] === ScheduledChecks BİTTİ (404ms) ===
2026-09-27 02:39:18.963 +03:00 [INF] === ScheduledChecks BAŞLADI ===
2026-09-27 02:39:19.010 +03:00 [INF] Executed DbCommand (4ms) [Parameters=[], CommandType='"Text"', CommandTimeout='30']
SELECT [s].[Id], [s].[CompanyCode], [s].[EncryptedPassword], [s].[FirmaId], [s].[IsActive], [s].[LastErrorMessage], [s].[LastFailedRunAt], [s].[LastSuccessfulRunAt], [s].[Name], [s].[NotificationEmails], [s].[ScheduleHour], [s].[ScheduleMode], [s].[Username]
FROM [SovosCompanies] AS [s]
WHERE [s].[IsActive] = CAST(1 AS bit)
2026-09-27 02:39:19.012 +03:00 [INF] 🧮 IsDue "Daily" | Id=1 nowHour=2 schedHour=22 lastDate=2026-09-26 nowDate=2026-09-27 → false
2026-09-27 02:39:19.013 +03:00 [INF] 🧮 IsDue "Daily" | Id=2 nowHour=2 schedHour=9 lastDate=2026-09-26 nowDate=2026-09-27 → false
2026-09-27 02:39:19.014 +03:00 [INF] 🧮 IsDue "Manual" | Id=3 nowHour=2 schedHour=9 lastDate=NULL nowDate=2026-09-27 → false
2026-09-27 02:39:19.015 +03:00 [INF] === ScheduledChecks BİTTİ (47ms) ===
2026-09-27 02:40:19.029 +03:00 [INF] === ScheduledChecks BAŞLADI ===
2026-09-27 02:40:19.076 +03:00 [INF] Executed DbCommand (15ms) [Parameters=[], CommandType='"Text"', CommandTimeout='30']
SELECT [s].[Id], [s].[CompanyCode], [s].[EncryptedPassword], [s].[FirmaId], [s].[IsActive], [s].[LastErrorMessage], [s].[LastFailedRunAt], [s].[LastSuccessfulRunAt], [s].[Name], [s].[NotificationEmails], [s].[ScheduleHour], [s].[ScheduleMode], [s].[Username]
FROM [SovosCompanies] AS [s]
WHERE [s].[IsActive] = CAST(1 AS bit)
2026-09-27 02:40:19.077 +03:00 [INF] 🧮 IsDue "Daily" | Id=1 nowHour=2 schedHour=22 lastDate=2026-09-26 nowDate=2026-09-27 → false
2026-09-27 02:40:19.078 +03:00 [INF] 🧮 IsDue "Daily" | Id=2 nowHour=2 schedHour=9 lastDate=2026-09-26 nowDate=2026-09-27 → false
2026-09-27 02:40:19.079 +03:00 [INF] 🧮 IsDue "Manual" | Id=3 nowHour=2 schedHour=9 lastDate=NULL nowDate=2026-09-27 → false
2026-09-27 02:40:19.081 +03:00 [INF] === ScheduledChecks BİTTİ (21ms) ===
2026-09-27 02:41:19.097 +03:00 [INF] === ScheduledChecks BAŞLADI ===
2026-09-27 02:41:19.119 +03:00 [INF] Executed DbCommand (15ms) [Parameters=[], CommandType='"Text"', CommandTimeout='30']
SELECT [s].[Id], [s].[CompanyCode], [s].[EncryptedPassword], [s].[FirmaId], [s].[IsActive], [s].[LastErrorMessage], [s].[LastFailedRunAt], [s].[LastSuccessfulRunAt], [s].[Name], [s].[NotificationEmails], [s].[ScheduleHour], [s].[ScheduleMode], [s].[Username]
FROM [SovosCompanies] AS [s]
WHERE [s].[IsActive] = CAST(1 AS bit)
2026-09-27 02:41:19.120 +03:00 [INF] 🧮 IsDue "Daily" | Id=1 nowHour=2 schedHour=22 lastDate=2026-09-26 nowDate=2026-09-27 → false
2026-09-27 02:41:19.121 +03:00 [INF] 🧮 IsDue "Daily" | Id=2 nowHour=2 schedHour=9 lastDate=2026-09-26 nowDate=2026-09-27 → false
2026-09-27 02:41:19.122 +03:00 [INF] 🧮 IsDue "Manual" | Id=3 nowHour=2 schedHour=9 lastDate=NULL nowDate=2026-09-27 → false
2026-09-27 02:41:19.124 +03:00 [INF] === ScheduledChecks BİTTİ (25ms) ===
2026-09-27 02:42:19.139 +03:00 [INF] === ScheduledChecks BAŞLADI ===
2026-09-27 02:42:19.164 +03:00 [INF] Executed DbCommand (17ms) [Parameters=[], CommandType='"Text"', CommandTimeout='30']
SELECT [s].[Id], [s].[CompanyCode], [s].[EncryptedPassword], [s].[FirmaId], [s].[IsActive], [s].[LastErrorMessage], [s].[LastFailedRunAt], [s].[LastSuccessfulRunAt], [s].[Name], [s].[NotificationEmails], [s].[ScheduleHour], [s].[ScheduleMode], [s].[Username]
FROM [SovosCompanies] AS [s]
WHERE [s].[IsActive] = CAST(1 AS bit)
2026-09-27 02:42:19.167 +03:00 [INF] 🧮 IsDue "Daily" | Id=1 nowHour=2 schedHour=22 lastDate=2026-09-26 nowDate=2026-09-27 → false
2026-09-27 02:42:19.171 +03:00 [INF] 🧮 IsDue "Daily" | Id=2 nowHour=2 schedHour=9 lastDate=2026-09-26 nowDate=2026-09-27 → false
2026-09-27 02:42:19.173 +03:00 [INF] 🧮 IsDue "Manual" | Id=3 nowHour=2 schedHour=9 lastDate=NULL nowDate=2026-09-27 → false
2026-09-27 02:42:19.176 +03:00 [INF] === ScheduledChecks BİTTİ (35ms) ===
2026-09-27 02:43:19.192 +03:00 [INF] === ScheduledChecks BAŞLADI ===
2026-09-27 02:43:19.218 +03:00 [INF] Executed DbCommand (15ms) [Parameters=[], CommandType='"Text"', CommandTimeout='30']
SELECT [s].[Id], [s].[CompanyCode], [s].[EncryptedPassword], [s].[FirmaId], [s].[IsActive], [s].[LastErrorMessage], [s].[LastFailedRunAt], [s].[LastSuccessfulRunAt], [s].[Name], [s].[NotificationEmails], [s].[ScheduleHour], [s].[ScheduleMode], [s].[Username]
FROM [SovosCompanies] AS [s]
WHERE [s].[IsActive] = CAST(1 AS bit)
2026-09-27 02:43:19.221 +03:00 [INF] 🧮 IsDue "Daily" | Id=1 nowHour=2 schedHour=22 lastDate=2026-09-26 nowDate=2026-09-27 → false
2026-09-27 02:43:19.222 +03:00 [INF] 🧮 IsDue "Daily" | Id=2 nowHour=2 schedHour=9 lastDate=2026-09-26 nowDate=2026-09-27 → false
2026-09-27 02:43:19.224 +03:00 [INF] 🧮 IsDue "Manual" | Id=3 nowHour=2 schedHour=9 lastDate=NULL nowDate=2026-09-27 → false
2026-09-27 02:43:19.227 +03:00 [INF] === ScheduledChecks BİTTİ (33ms) ===
2026-09-27 02:48:38.282 +03:00 [INF] Executed DbCommand (24ms) [Parameters=[], CommandType='"Text"', CommandTimeout='30']
SELECT 1
2026-09-27 02:48:38.386 +03:00 [INF] Executed DbCommand (21ms) [Parameters=[], CommandType='"Text"', CommandTimeout='30']
SELECT OBJECT_ID(N'[__EFMigrationsHistory]');
2026-09-27 02:48:38.392 +03:00 [INF] Executed DbCommand (2ms) [Parameters=[], CommandType='"Text"', CommandTimeout='30']
SELECT 1
2026-09-27 02:48:38.397 +03:00 [INF] Executed DbCommand (1ms) [Parameters=[], CommandType='"Text"', CommandTimeout='30']
SELECT OBJECT_ID(N'[__EFMigrationsHistory]');
2026-09-27 02:48:38.426 +03:00 [INF] Executed DbCommand (5ms) [Parameters=[], CommandType='"Text"', CommandTimeout='30']
SELECT [MigrationId], [ProductVersion]
FROM [__EFMigrationsHistory]
ORDER BY [MigrationId];
2026-09-27 02:48:38.638 +03:00 [INF] No migrations were applied. The database is already up to date.
2026-09-27 02:48:39.020 +03:00 [INF] InvoiceCheckWorker başladı. InitialDelay=30sn
2026-09-27 02:48:39.243 +03:00 [WRN] Overriding address(es) 'http://localhost:5011'. Binding to endpoints defined via IConfiguration and/or UseKestrel() instead.
2026-09-27 02:48:39.260 +03:00 [INF] Now listening on: http://localhost:5011
2026-09-27 02:48:39.359 +03:00 [INF] Application started. Press Ctrl+C to shut down.
2026-09-27 02:48:39.361 +03:00 [INF] Hosting environment: Development
2026-09-27 02:48:39.362 +03:00 [INF] Content root path: C:\GitHub\CengizMicroService\Sovos\Sovos.InvoiceWorker
2026-09-27 02:49:09.066 +03:00 [INF] === ScheduledChecks BAŞLADI ===
2026-09-27 02:49:09.349 +03:00 [INF] Executed DbCommand (19ms) [Parameters=[], CommandType='"Text"', CommandTimeout='30']
SELECT [s].[Id], [s].[CompanyCode], [s].[EncryptedPassword], [s].[FirmaId], [s].[IsActive], [s].[LastErrorMessage], [s].[LastFailedRunAt], [s].[LastSuccessfulRunAt], [s].[Name], [s].[NotificationEmails], [s].[ScheduleHour], [s].[ScheduleMode], [s].[Username]
FROM [SovosCompanies] AS [s]
WHERE [s].[IsActive] = CAST(1 AS bit)
2026-09-27 02:49:09.423 +03:00 [INF] 🧮 IsDue "Daily" | Id=1 nowHour=2 schedHour=22 lastDate=2026-09-26 nowDate=2026-09-27 → false
2026-09-27 02:49:09.427 +03:00 [INF] 🧮 IsDue "Daily" | Id=2 nowHour=2 schedHour=9 lastDate=2026-09-26 nowDate=2026-09-27 → false
2026-09-27 02:49:09.429 +03:00 [INF] 🧮 IsDue "Manual" | Id=3 nowHour=2 schedHour=9 lastDate=NULL nowDate=2026-09-27 → false
2026-09-27 02:49:09.430 +03:00 [INF] === ScheduledChecks BİTTİ (362ms) ===
2026-09-27 02:50:09.508 +03:00 [INF] === ScheduledChecks BAŞLADI ===
2026-09-27 02:50:09.556 +03:00 [INF] Executed DbCommand (2ms) [Parameters=[], CommandType='"Text"', CommandTimeout='30']
SELECT [s].[Id], [s].[CompanyCode], [s].[EncryptedPassword], [s].[FirmaId], [s].[IsActive], [s].[LastErrorMessage], [s].[LastFailedRunAt], [s].[LastSuccessfulRunAt], [s].[Name], [s].[NotificationEmails], [s].[ScheduleHour], [s].[ScheduleMode], [s].[Username]
FROM [SovosCompanies] AS [s]
WHERE [s].[IsActive] = CAST(1 AS bit)
2026-09-27 02:50:09.558 +03:00 [INF] 🧮 IsDue "Daily" | Id=1 nowHour=2 schedHour=22 lastDate=2026-09-26 nowDate=2026-09-27 → false
2026-09-27 02:50:09.559 +03:00 [INF] 🧮 IsDue "Daily" | Id=2 nowHour=2 schedHour=9 lastDate=2026-09-26 nowDate=2026-09-27 → false
2026-09-27 02:50:09.560 +03:00 [INF] 🧮 IsDue "Manual" | Id=3 nowHour=2 schedHour=9 lastDate=NULL nowDate=2026-09-27 → false
2026-09-27 02:50:09.562 +03:00 [INF] === ScheduledChecks BİTTİ (47ms) ===
2026-09-27 02:51:09.572 +03:00 [INF] === ScheduledChecks BAŞLADI ===
2026-09-27 02:51:09.578 +03:00 [INF] Executed DbCommand (3ms) [Parameters=[], CommandType='"Text"', CommandTimeout='30']
SELECT [s].[Id], [s].[CompanyCode], [s].[EncryptedPassword], [s].[FirmaId], [s].[IsActive], [s].[LastErrorMessage], [s].[LastFailedRunAt], [s].[LastSuccessfulRunAt], [s].[Name], [s].[NotificationEmails], [s].[ScheduleHour], [s].[ScheduleMode], [s].[Username]
FROM [SovosCompanies] AS [s]
WHERE [s].[IsActive] = CAST(1 AS bit)
2026-09-27 02:51:09.579 +03:00 [INF] 🧮 IsDue "Daily" | Id=1 nowHour=2 schedHour=22 lastDate=2026-09-26 nowDate=2026-09-27 → false
2026-09-27 02:51:09.581 +03:00 [INF] 🧮 IsDue "Daily" | Id=2 nowHour=2 schedHour=9 lastDate=2026-09-26 nowDate=2026-09-27 → false
2026-09-27 02:51:09.583 +03:00 [INF] 🧮 IsDue "Manual" | Id=3 nowHour=2 schedHour=9 lastDate=NULL nowDate=2026-09-27 → false
2026-09-27 02:51:09.584 +03:00 [INF] === ScheduledChecks BİTTİ (10ms) ===
2026-09-27 02:52:09.600 +03:00 [INF] === ScheduledChecks BAŞLADI ===
2026-09-27 02:52:09.609 +03:00 [INF] Executed DbCommand (4ms) [Parameters=[], CommandType='"Text"', CommandTimeout='30']
SELECT [s].[Id], [s].[CompanyCode], [s].[EncryptedPassword], [s].[FirmaId], [s].[IsActive], [s].[LastErrorMessage], [s].[LastFailedRunAt], [s].[LastSuccessfulRunAt], [s].[Name], [s].[NotificationEmails], [s].[ScheduleHour], [s].[ScheduleMode], [s].[Username]
FROM [SovosCompanies] AS [s]
WHERE [s].[IsActive] = CAST(1 AS bit)
2026-09-27 02:52:09.610 +03:00 [INF] 🧮 IsDue "Daily" | Id=1 nowHour=2 schedHour=22 lastDate=2026-09-26 nowDate=2026-09-27 → false
2026-09-27 02:52:09.611 +03:00 [INF] 🧮 IsDue "Daily" | Id=2 nowHour=2 schedHour=9 lastDate=2026-09-26 nowDate=2026-09-27 → false
2026-09-27 02:52:09.612 +03:00 [INF] 🧮 IsDue "Manual" | Id=3 nowHour=2 schedHour=9 lastDate=NULL nowDate=2026-09-27 → false
2026-09-27 02:52:09.613 +03:00 [INF] === ScheduledChecks BİTTİ (12ms) ===
2026-09-27 02:53:09.624 +03:00 [INF] === ScheduledChecks BAŞLADI ===
2026-09-27 02:53:09.633 +03:00 [INF] Executed DbCommand (2ms) [Parameters=[], CommandType='"Text"', CommandTimeout='30']
SELECT [s].[Id], [s].[CompanyCode], [s].[EncryptedPassword], [s].[FirmaId], [s].[IsActive], [s].[LastErrorMessage], [s].[LastFailedRunAt], [s].[LastSuccessfulRunAt], [s].[Name], [s].[NotificationEmails], [s].[ScheduleHour], [s].[ScheduleMode], [s].[Username]
FROM [SovosCompanies] AS [s]
WHERE [s].[IsActive] = CAST(1 AS bit)
2026-09-27 02:53:09.634 +03:00 [INF] 🧮 IsDue "Daily" | Id=1 nowHour=2 schedHour=22 lastDate=2026-09-26 nowDate=2026-09-27 → false
2026-09-27 02:53:09.636 +03:00 [INF] 🧮 IsDue "Daily" | Id=2 nowHour=2 schedHour=9 lastDate=2026-09-26 nowDate=2026-09-27 → false
2026-09-27 02:53:09.637 +03:00 [INF] 🧮 IsDue "Manual" | Id=3 nowHour=2 schedHour=9 lastDate=NULL nowDate=2026-09-27 → false
2026-09-27 02:53:09.638 +03:00 [INF] === ScheduledChecks BİTTİ (13ms) ===
2026-09-27 02:54:09.655 +03:00 [INF] === ScheduledChecks BAŞLADI ===
2026-09-27 02:54:09.663 +03:00 [INF] Executed DbCommand (4ms) [Parameters=[], CommandType='"Text"', CommandTimeout='30']
SELECT [s].[Id], [s].[CompanyCode], [s].[EncryptedPassword], [s].[FirmaId], [s].[IsActive], [s].[LastErrorMessage], [s].[LastFailedRunAt], [s].[LastSuccessfulRunAt], [s].[Name], [s].[NotificationEmails], [s].[ScheduleHour], [s].[ScheduleMode], [s].[Username]
FROM [SovosCompanies] AS [s]
WHERE [s].[IsActive] = CAST(1 AS bit)
2026-09-27 02:54:09.664 +03:00 [INF] 🧮 IsDue "Daily" | Id=1 nowHour=2 schedHour=22 lastDate=2026-09-26 nowDate=2026-09-27 → false
2026-09-27 02:54:09.665 +03:00 [INF] 🧮 IsDue "Daily" | Id=2 nowHour=2 schedHour=9 lastDate=2026-09-26 nowDate=2026-09-27 → false
2026-09-27 02:54:09.667 +03:00 [INF] 🧮 IsDue "Manual" | Id=3 nowHour=2 schedHour=9 lastDate=NULL nowDate=2026-09-27 → false
2026-09-27 02:54:09.668 +03:00 [INF] === ScheduledChecks BİTTİ (11ms) ===
2026-09-27 02:58:44.804 +03:00 [INF] Executed DbCommand (29ms) [Parameters=[], CommandType='"Text"', CommandTimeout='30']
SELECT 1
2026-09-27 02:58:44.923 +03:00 [INF] Executed DbCommand (17ms) [Parameters=[], CommandType='"Text"', CommandTimeout='30']
SELECT OBJECT_ID(N'[__EFMigrationsHistory]');
2026-09-27 02:58:44.929 +03:00 [INF] Executed DbCommand (1ms) [Parameters=[], CommandType='"Text"', CommandTimeout='30']
SELECT 1
2026-09-27 02:58:44.933 +03:00 [INF] Executed DbCommand (1ms) [Parameters=[], CommandType='"Text"', CommandTimeout='30']
SELECT OBJECT_ID(N'[__EFMigrationsHistory]');
2026-09-27 02:58:44.959 +03:00 [INF] Executed DbCommand (2ms) [Parameters=[], CommandType='"Text"', CommandTimeout='30']
SELECT [MigrationId], [ProductVersion]
FROM [__EFMigrationsHistory]
ORDER BY [MigrationId];
2026-09-27 02:58:45.014 +03:00 [INF] No migrations were applied. The database is already up to date.
2026-09-27 02:58:45.325 +03:00 [INF] InvoiceCheckWorker başladı. InitialDelay=30sn
2026-09-27 02:58:45.553 +03:00 [WRN] Overriding address(es) 'http://localhost:5011'. Binding to endpoints defined via IConfiguration and/or UseKestrel() instead.
2026-09-27 02:58:45.568 +03:00 [INF] Now listening on: http://localhost:5011
2026-09-27 02:58:45.635 +03:00 [INF] Application started. Press Ctrl+C to shut down.
2026-09-27 02:58:45.636 +03:00 [INF] Hosting environment: Development
2026-09-27 02:58:45.637 +03:00 [INF] Content root path: C:\GitHub\CengizMicroService\Sovos\Sovos.InvoiceWorker
2026-09-27 02:59:15.375 +03:00 [INF] === ScheduledChecks BAŞLADI ===
2026-09-27 02:59:15.663 +03:00 [INF] Executed DbCommand (20ms) [Parameters=[], CommandType='"Text"', CommandTimeout='30']
SELECT [s].[Id], [s].[CompanyCode], [s].[EncryptedPassword], [s].[FirmaId], [s].[IsActive], [s].[LastErrorMessage], [s].[LastFailedRunAt], [s].[LastSuccessfulRunAt], [s].[Name], [s].[NotificationEmails], [s].[ScheduleHour], [s].[ScheduleMode], [s].[Username]
FROM [SovosCompanies] AS [s]
WHERE [s].[IsActive] = CAST(1 AS bit)
2026-09-27 02:59:15.738 +03:00 [INF] 🧮 IsDue "Daily" | Id=1 nowHour=2 schedHour=22 lastDate=2026-09-26 nowDate=2026-09-27 → false
2026-09-27 02:59:15.742 +03:00 [INF] 🧮 IsDue "Daily" | Id=2 nowHour=2 schedHour=9 lastDate=2026-09-26 nowDate=2026-09-27 → false
2026-09-27 02:59:15.744 +03:00 [INF] 🧮 IsDue "Manual" | Id=3 nowHour=2 schedHour=9 lastDate=NULL nowDate=2026-09-27 → false
2026-09-27 02:59:15.747 +03:00 [INF] === ScheduledChecks BİTTİ (370ms) ===
2026-09-27 03:00:15.763 +03:00 [INF] === ScheduledChecks BAŞLADI ===
2026-09-27 03:00:15.814 +03:00 [INF] Executed DbCommand (8ms) [Parameters=[], CommandType='"Text"', CommandTimeout='30']
SELECT [s].[Id], [s].[CompanyCode], [s].[EncryptedPassword], [s].[FirmaId], [s].[IsActive], [s].[LastErrorMessage], [s].[LastFailedRunAt], [s].[LastSuccessfulRunAt], [s].[Name], [s].[NotificationEmails], [s].[ScheduleHour], [s].[ScheduleMode], [s].[Username]
FROM [SovosCompanies] AS [s]
WHERE [s].[IsActive] = CAST(1 AS bit)
2026-09-27 03:00:15.816 +03:00 [INF] 🧮 IsDue "Daily" | Id=1 nowHour=3 schedHour=22 lastDate=2026-09-26 nowDate=2026-09-27 → false
2026-09-27 03:00:15.817 +03:00 [INF] 🧮 IsDue "Daily" | Id=2 nowHour=3 schedHour=9 lastDate=2026-09-26 nowDate=2026-09-27 → false
2026-09-27 03:00:15.818 +03:00 [INF] 🧮 IsDue "Manual" | Id=3 nowHour=3 schedHour=9 lastDate=NULL nowDate=2026-09-27 → false
2026-09-27 03:00:15.819 +03:00 [INF] === ScheduledChecks BİTTİ (53ms) ===
2026-09-27 03:01:15.830 +03:00 [INF] === ScheduledChecks BAŞLADI ===
2026-09-27 03:01:15.839 +03:00 [INF] Executed DbCommand (4ms) [Parameters=[], CommandType='"Text"', CommandTimeout='30']
SELECT [s].[Id], [s].[CompanyCode], [s].[EncryptedPassword], [s].[FirmaId], [s].[IsActive], [s].[LastErrorMessage], [s].[LastFailedRunAt], [s].[LastSuccessfulRunAt], [s].[Name], [s].[NotificationEmails], [s].[ScheduleHour], [s].[ScheduleMode], [s].[Username]
FROM [SovosCompanies] AS [s]
WHERE [s].[IsActive] = CAST(1 AS bit)
2026-09-27 03:01:15.841 +03:00 [INF] 🧮 IsDue "Daily" | Id=1 nowHour=3 schedHour=22 lastDate=2026-09-26 nowDate=2026-09-27 → false
2026-09-27 03:01:15.842 +03:00 [INF] 🧮 IsDue "Daily" | Id=2 nowHour=3 schedHour=9 lastDate=2026-09-26 nowDate=2026-09-27 → false
2026-09-27 03:01:15.843 +03:00 [INF] 🧮 IsDue "Manual" | Id=3 nowHour=3 schedHour=9 lastDate=NULL nowDate=2026-09-27 → false
2026-09-27 03:01:15.844 +03:00 [INF] === ScheduledChecks BİTTİ (10ms) ===
2026-09-27 03:02:15.845 +03:00 [INF] === ScheduledChecks BAŞLADI ===
2026-09-27 03:02:15.856 +03:00 [INF] Executed DbCommand (2ms) [Parameters=[], CommandType='"Text"', CommandTimeout='30']
SELECT [s].[Id], [s].[CompanyCode], [s].[EncryptedPassword], [s].[FirmaId], [s].[IsActive], [s].[LastErrorMessage], [s].[LastFailedRunAt], [s].[LastSuccessfulRunAt], [s].[Name], [s].[NotificationEmails], [s].[ScheduleHour], [s].[ScheduleMode], [s].[Username]
FROM [SovosCompanies] AS [s]
WHERE [s].[IsActive] = CAST(1 AS bit)
2026-09-27 03:02:15.858 +03:00 [INF] 🧮 IsDue "Daily" | Id=1 nowHour=3 schedHour=22 lastDate=2026-09-26 nowDate=2026-09-27 → false
2026-09-27 03:02:15.860 +03:00 [INF] 🧮 IsDue "Daily" | Id=2 nowHour=3 schedHour=9 lastDate=2026-09-26 nowDate=2026-09-27 → false
2026-09-27 03:02:15.862 +03:00 [INF] 🧮 IsDue "Manual" | Id=3 nowHour=3 schedHour=9 lastDate=NULL nowDate=2026-09-27 → false
2026-09-27 03:02:15.864 +03:00 [INF] === ScheduledChecks BİTTİ (17ms) ===
2026-09-27 03:03:15.875 +03:00 [INF] === ScheduledChecks BAŞLADI ===
2026-09-27 03:03:15.886 +03:00 [INF] Executed DbCommand (3ms) [Parameters=[], CommandType='"Text"', CommandTimeout='30']
SELECT [s].[Id], [s].[CompanyCode], [s].[EncryptedPassword], [s].[FirmaId], [s].[IsActive], [s].[LastErrorMessage], [s].[LastFailedRunAt], [s].[LastSuccessfulRunAt], [s].[Name], [s].[NotificationEmails], [s].[ScheduleHour], [s].[ScheduleMode], [s].[Username]
FROM [SovosCompanies] AS [s]
WHERE [s].[IsActive] = CAST(1 AS bit)
2026-09-27 03:03:15.888 +03:00 [INF] 🧮 IsDue "Daily" | Id=1 nowHour=3 schedHour=22 lastDate=2026-09-26 nowDate=2026-09-27 → false
2026-09-27 03:03:15.889 +03:00 [INF] 🧮 IsDue "Daily" | Id=2 nowHour=3 schedHour=9 lastDate=2026-09-26 nowDate=2026-09-27 → false
2026-09-27 03:03:15.890 +03:00 [INF] 🧮 IsDue "Manual" | Id=3 nowHour=3 schedHour=9 lastDate=NULL nowDate=2026-09-27 → false
2026-09-27 03:03:15.891 +03:00 [INF] === ScheduledChecks BİTTİ (15ms) ===
2026-09-27 03:04:15.906 +03:00 [INF] === ScheduledChecks BAŞLADI ===
2026-09-27 03:04:15.915 +03:00 [INF] Executed DbCommand (3ms) [Parameters=[], CommandType='"Text"', CommandTimeout='30']
SELECT [s].[Id], [s].[CompanyCode], [s].[EncryptedPassword], [s].[FirmaId], [s].[IsActive], [s].[LastErrorMessage], [s].[LastFailedRunAt], [s].[LastSuccessfulRunAt], [s].[Name], [s].[NotificationEmails], [s].[ScheduleHour], [s].[ScheduleMode], [s].[Username]
FROM [SovosCompanies] AS [s]
WHERE [s].[IsActive] = CAST(1 AS bit)
2026-09-27 03:04:15.917 +03:00 [INF] 🧮 IsDue "Daily" | Id=1 nowHour=3 schedHour=22 lastDate=2026-09-26 nowDate=2026-09-27 → false
2026-09-27 03:04:15.919 +03:00 [INF] 🧮 IsDue "Daily" | Id=2 nowHour=3 schedHour=9 lastDate=2026-09-26 nowDate=2026-09-27 → false
2026-09-27 03:04:15.920 +03:00 [INF] 🧮 IsDue "Manual" | Id=3 nowHour=3 schedHour=9 lastDate=NULL nowDate=2026-09-27 → false
2026-09-27 03:04:15.922 +03:00 [INF] === ScheduledChecks BİTTİ (14ms) ===
2026-09-27 03:05:15.945 +03:00 [INF] === ScheduledChecks BAŞLADI ===
2026-09-27 03:05:15.950 +03:00 [INF] Executed DbCommand (3ms) [Parameters=[], CommandType='"Text"', CommandTimeout='30']
SELECT [s].[Id], [s].[CompanyCode], [s].[EncryptedPassword], [s].[FirmaId], [s].[IsActive], [s].[LastErrorMessage], [s].[LastFailedRunAt], [s].[LastSuccessfulRunAt], [s].[Name], [s].[NotificationEmails], [s].[ScheduleHour], [s].[ScheduleMode], [s].[Username]
FROM [SovosCompanies] AS [s]
WHERE [s].[IsActive] = CAST(1 AS bit)
2026-09-27 03:05:15.952 +03:00 [INF] 🧮 IsDue "Daily" | Id=1 nowHour=3 schedHour=22 lastDate=2026-09-26 nowDate=2026-09-27 → false
2026-09-27 03:05:15.953 +03:00 [INF] 🧮 IsDue "Daily" | Id=2 nowHour=3 schedHour=9 lastDate=2026-09-26 nowDate=2026-09-27 → false
2026-09-27 03:05:15.954 +03:00 [INF] 🧮 IsDue "Manual" | Id=3 nowHour=3 schedHour=9 lastDate=NULL nowDate=2026-09-27 → false
2026-09-27 03:05:15.955 +03:00 [INF] === ScheduledChecks BİTTİ (8ms) ===
2026-09-27 03:06:15.970 +03:00 [INF] === ScheduledChecks BAŞLADI ===
2026-09-27 03:06:15.982 +03:00 [INF] Executed DbCommand (7ms) [Parameters=[], CommandType='"Text"', CommandTimeout='30']
SELECT [s].[Id], [s].[CompanyCode], [s].[EncryptedPassword], [s].[FirmaId], [s].[IsActive], [s].[LastErrorMessage], [s].[LastFailedRunAt], [s].[LastSuccessfulRunAt], [s].[Name], [s].[NotificationEmails], [s].[ScheduleHour], [s].[ScheduleMode], [s].[Username]
FROM [SovosCompanies] AS [s]
WHERE [s].[IsActive] = CAST(1 AS bit)
2026-09-27 03:06:15.983 +03:00 [INF] 🧮 IsDue "Daily" | Id=1 nowHour=3 schedHour=22 lastDate=2026-09-26 nowDate=2026-09-27 → false
2026-09-27 03:06:15.984 +03:00 [INF] 🧮 IsDue "Daily" | Id=2 nowHour=3 schedHour=9 lastDate=2026-09-26 nowDate=2026-09-27 → false
2026-09-27 03:06:15.986 +03:00 [INF] 🧮 IsDue "Manual" | Id=3 nowHour=3 schedHour=9 lastDate=NULL nowDate=2026-09-27 → false
2026-09-27 03:06:15.987 +03:00 [INF] === ScheduledChecks BİTTİ (16ms) ===
2026-09-27 03:07:15.992 +03:00 [INF] === ScheduledChecks BAŞLADI ===
2026-09-27 03:07:16.003 +03:00 [INF] Executed DbCommand (4ms) [Parameters=[], CommandType='"Text"', CommandTimeout='30']
SELECT [s].[Id], [s].[CompanyCode], [s].[EncryptedPassword], [s].[FirmaId], [s].[IsActive], [s].[LastErrorMessage], [s].[LastFailedRunAt], [s].[LastSuccessfulRunAt], [s].[Name], [s].[NotificationEmails], [s].[ScheduleHour], [s].[ScheduleMode], [s].[Username]
FROM [SovosCompanies] AS [s]
WHERE [s].[IsActive] = CAST(1 AS bit)
2026-09-27 03:07:16.005 +03:00 [INF] 🧮 IsDue "Daily" | Id=1 nowHour=3 schedHour=22 lastDate=2026-09-26 nowDate=2026-09-27 → false
2026-09-27 03:07:16.006 +03:00 [INF] 🧮 IsDue "Daily" | Id=2 nowHour=3 schedHour=9 lastDate=2026-09-26 nowDate=2026-09-27 → false
2026-09-27 03:07:16.007 +03:00 [INF] 🧮 IsDue "Manual" | Id=3 nowHour=3 schedHour=9 lastDate=NULL nowDate=2026-09-27 → false
2026-09-27 03:07:16.008 +03:00 [INF] === ScheduledChecks BİTTİ (14ms) ===
2026-09-27 03:08:16.013 +03:00 [INF] === ScheduledChecks BAŞLADI ===
2026-09-27 03:08:16.031 +03:00 [INF] Executed DbCommand (16ms) [Parameters=[], CommandType='"Text"', CommandTimeout='30']
SELECT [s].[Id], [s].[CompanyCode], [s].[EncryptedPassword], [s].[FirmaId], [s].[IsActive], [s].[LastErrorMessage], [s].[LastFailedRunAt], [s].[LastSuccessfulRunAt], [s].[Name], [s].[NotificationEmails], [s].[ScheduleHour], [s].[ScheduleMode], [s].[Username]
FROM [SovosCompanies] AS [s]
WHERE [s].[IsActive] = CAST(1 AS bit)
2026-09-27 03:08:16.033 +03:00 [INF] 🧮 IsDue "Daily" | Id=1 nowHour=3 schedHour=22 lastDate=2026-09-26 nowDate=2026-09-27 → false
2026-09-27 03:08:16.034 +03:00 [INF] 🧮 IsDue "Daily" | Id=2 nowHour=3 schedHour=9 lastDate=2026-09-26 nowDate=2026-09-27 → false
2026-09-27 03:08:16.035 +03:00 [INF] 🧮 IsDue "Manual" | Id=3 nowHour=3 schedHour=9 lastDate=NULL nowDate=2026-09-27 → false
2026-09-27 03:08:16.037 +03:00 [INF] === ScheduledChecks BİTTİ (23ms) ===
2026-09-27 03:09:16.044 +03:00 [INF] === ScheduledChecks BAŞLADI ===
2026-09-27 03:09:16.065 +03:00 [INF] Executed DbCommand (14ms) [Parameters=[], CommandType='"Text"', CommandTimeout='30']
SELECT [s].[Id], [s].[CompanyCode], [s].[EncryptedPassword], [s].[FirmaId], [s].[IsActive], [s].[LastErrorMessage], [s].[LastFailedRunAt], [s].[LastSuccessfulRunAt], [s].[Name], [s].[NotificationEmails], [s].[ScheduleHour], [s].[ScheduleMode], [s].[Username]
FROM [SovosCompanies] AS [s]
WHERE [s].[IsActive] = CAST(1 AS bit)
2026-09-27 03:09:16.067 +03:00 [INF] 🧮 IsDue "Daily" | Id=1 nowHour=3 schedHour=22 lastDate=2026-09-26 nowDate=2026-09-27 → false
2026-09-27 03:09:16.070 +03:00 [INF] 🧮 IsDue "Daily" | Id=2 nowHour=3 schedHour=9 lastDate=2026-09-26 nowDate=2026-09-27 → false
2026-09-27 03:09:16.071 +03:00 [INF] 🧮 IsDue "Manual" | Id=3 nowHour=3 schedHour=9 lastDate=NULL nowDate=2026-09-27 → false
2026-09-27 03:09:16.073 +03:00 [INF] === ScheduledChecks BİTTİ (27ms) ===
2026-09-27 03:10:16.084 +03:00 [INF] === ScheduledChecks BAŞLADI ===
2026-09-27 03:10:16.104 +03:00 [INF] Executed DbCommand (14ms) [Parameters=[], CommandType='"Text"', CommandTimeout='30']
SELECT [s].[Id], [s].[CompanyCode], [s].[EncryptedPassword], [s].[FirmaId], [s].[IsActive], [s].[LastErrorMessage], [s].[LastFailedRunAt], [s].[LastSuccessfulRunAt], [s].[Name], [s].[NotificationEmails], [s].[ScheduleHour], [s].[ScheduleMode], [s].[Username]
FROM [SovosCompanies] AS [s]
WHERE [s].[IsActive] = CAST(1 AS bit)
2026-09-27 03:10:16.105 +03:00 [INF] 🧮 IsDue "Daily" | Id=1 nowHour=3 schedHour=22 lastDate=2026-09-26 nowDate=2026-09-27 → false
2026-09-27 03:10:16.107 +03:00 [INF] 🧮 IsDue "Daily" | Id=2 nowHour=3 schedHour=9 lastDate=2026-09-26 nowDate=2026-09-27 → false
2026-09-27 03:10:16.108 +03:00 [INF] 🧮 IsDue "Manual" | Id=3 nowHour=3 schedHour=9 lastDate=NULL nowDate=2026-09-27 → false
2026-09-27 03:10:16.109 +03:00 [INF] === ScheduledChecks BİTTİ (23ms) ===
2026-09-27 23:25:52.928 +03:00 [INF] Executed DbCommand (26ms) [Parameters=[], CommandType='"Text"', CommandTimeout='30']
SELECT 1
2026-09-27 23:25:53.022 +03:00 [INF] Executed DbCommand (19ms) [Parameters=[], CommandType='"Text"', CommandTimeout='30']
SELECT OBJECT_ID(N'[__EFMigrationsHistory]');
2026-09-27 23:25:53.049 +03:00 [INF] Executed DbCommand (3ms) [Parameters=[], CommandType='"Text"', CommandTimeout='30']
SELECT 1
2026-09-27 23:25:53.055 +03:00 [INF] Executed DbCommand (1ms) [Parameters=[], CommandType='"Text"', CommandTimeout='30']
SELECT OBJECT_ID(N'[__EFMigrationsHistory]');
2026-09-27 23:25:53.081 +03:00 [INF] Executed DbCommand (2ms) [Parameters=[], CommandType='"Text"', CommandTimeout='30']
SELECT [MigrationId], [ProductVersion]
FROM [__EFMigrationsHistory]
ORDER BY [MigrationId];
2026-09-27 23:25:53.158 +03:00 [INF] No migrations were applied. The database is already up to date.
2026-09-27 23:25:53.535 +03:00 [INF] InvoiceCheckWorker başladı. InitialDelay=30sn
2026-09-27 23:25:53.928 +03:00 [WRN] Overriding address(es) 'http://localhost:5011'. Binding to endpoints defined via IConfiguration and/or UseKestrel() instead.
2026-09-27 23:25:53.943 +03:00 [INF] Now listening on: http://localhost:5011
2026-09-27 23:25:54.289 +03:00 [INF] Application started. Press Ctrl+C to shut down.
2026-09-27 23:25:54.297 +03:00 [INF] Hosting environment: Development
2026-09-27 23:25:54.299 +03:00 [INF] Content root path: C:\GitHub\CengizMicroService\Sovos\Sovos.InvoiceWorker
2026-09-27 23:26:23.625 +03:00 [INF] === ScheduledChecks BAŞLADI ===
2026-09-27 23:26:23.932 +03:00 [INF] Executed DbCommand (23ms) [Parameters=[], CommandType='"Text"', CommandTimeout='30']
SELECT [s].[Id], [s].[CompanyCode], [s].[EncryptedPassword], [s].[FirmaId], [s].[IsActive], [s].[LastErrorMessage], [s].[LastFailedRunAt], [s].[LastSuccessfulRunAt], [s].[Name], [s].[NotificationEmails], [s].[ScheduleHour], [s].[ScheduleMode], [s].[Username]
FROM [SovosCompanies] AS [s]
WHERE [s].[IsActive] = CAST(1 AS bit)
2026-09-27 23:26:24.000 +03:00 [INF] 🧮 IsDue "Daily" | Id=1 nowHour=23 schedHour=22 lastDate=2026-09-26 nowDate=2026-09-27 → true
2026-09-27 23:26:24.005 +03:00 [INF] 🧮 IsDue "Daily" | Id=2 nowHour=23 schedHour=9 lastDate=2026-09-26 nowDate=2026-09-27 → true
2026-09-27 23:26:24.006 +03:00 [INF] 🧮 IsDue "Manual" | Id=3 nowHour=23 schedHour=9 lastDate=NULL nowDate=2026-09-27 → false
2026-09-27 23:26:24.008 +03:00 [INF] ScheduledChecks: 3 aktif firma, 2 tanesi şu an taranacak
2026-09-27 23:26:24.020 +03:00 [INF] Firma PKF Aday Bağımsız Denetim: Tarama başlıyor (aralık 27.08.2026 - 27.09.2026)
2026-09-27 23:26:53.897 +03:00 [WRN] Firma PKF Aday Bağımsız Denetim: Login başarısız, deneme 1/3. Hata: Login zaman aşımı (15 sn): 'Çıkış' linki görünmedi - giriş muhtemelen reddedildi.
2026-09-27 23:27:19.678 +03:00 [WRN] Firma PKF Aday Bağımsız Denetim: Login başarısız, deneme 2/3. Hata: Login zaman aşımı (15 sn): 'Çıkış' linki görünmedi - giriş muhtemelen reddedildi.
2026-09-27 23:27:43.065 +03:00 [WRN] Firma PKF Aday Bağımsız Denetim: Login başarısız, deneme 3/3. Hata: Login zaman aşımı (15 sn): 'Çıkış' linki görünmedi - giriş muhtemelen reddedildi.
2026-09-27 23:27:43.554 +03:00 [WRN] Firma PKF Aday Bağımsız Denetim: Login hatası (manualMode=false)
Sovos.InvoiceWorker.Core.Exceptions.SovosLoginException: 3 deneme sonrası giriş başarısız - şifre veya kullanıcı adı yanlış olabilir.
 ---> Sovos.InvoiceWorker.Core.Exceptions.SovosLoginException: Login zaman aşımı (15 sn): 'Çıkış' linki görünmedi - giriş muhtemelen reddedildi.
 ---> System.TimeoutException: Timeout 15000ms exceeded.
Call log:
  - waiting for Locator("text=Çıkış") to be visible
   at Microsoft.Playwright.Transport.Connection.InnerSendMessageToServerAsync[T](ChannelOwner object, String method, Dictionary`2 dictionary, Boolean keepNulls) in /_/src/Playwright/Transport/Connection.cs:line 206
   at Microsoft.Playwright.Transport.Connection.WrapApiCallAsync[T](Func`1 action, Boolean isInternal) in /_/src/Playwright/Transport/Connection.cs:line 532
   at Microsoft.Playwright.Core.Frame.WaitForSelectorAsync(String selector, FrameWaitForSelectorOptions options) in /_/src/Playwright/Core/Frame.cs:line 667
   at Sovos.InvoiceWorker.Services.SovosScraper.AttemptLoginAsync(IPage page, Company company, String decryptedPassword) in C:\GitHub\CengizMicroService\Sovos\Sovos.InvoiceWorker\Services\SovosScraper.cs:line 121
   --- End of inner exception stack trace ---
   at Sovos.InvoiceWorker.Services.SovosScraper.AttemptLoginAsync(IPage page, Company company, String decryptedPassword) in C:\GitHub\CengizMicroService\Sovos\Sovos.InvoiceWorker\Services\SovosScraper.cs:line 127
   at Sovos.InvoiceWorker.Services.SovosScraper.LoginWithRetryAsync(IPage page, Company company, String decryptedPassword, CancellationToken ct) in C:\GitHub\CengizMicroService\Sovos\Sovos.InvoiceWorker\Services\SovosScraper.cs:line 72
   --- End of inner exception stack trace ---
   at Sovos.InvoiceWorker.Services.SovosScraper.LoginWithRetryAsync(IPage page, Company company, String decryptedPassword, CancellationToken ct) in C:\GitHub\CengizMicroService\Sovos\Sovos.InvoiceWorker\Services\SovosScraper.cs:line 93
   at Sovos.InvoiceWorker.Services.SovosScraper.FetchPendingInvoicesAsync(Company company, String decryptedPassword, DateTime fromDate, DateTime toDate, CancellationToken ct) in C:\GitHub\CengizMicroService\Sovos\Sovos.InvoiceWorker\Services\SovosScraper.cs:line 47
   at Sovos.InvoiceWorker.Services.SovosScraper.FetchPendingInvoicesAsync(Company company, String decryptedPassword, DateTime fromDate, DateTime toDate, CancellationToken ct) in C:\GitHub\CengizMicroService\Sovos\Sovos.InvoiceWorker\Services\SovosScraper.cs:line 57
   at Sovos.InvoiceWorker.Services.SovosScraper.FetchPendingInvoicesAsync(Company company, String decryptedPassword, DateTime fromDate, DateTime toDate, CancellationToken ct) in C:\GitHub\CengizMicroService\Sovos\Sovos.InvoiceWorker\Services\SovosScraper.cs:line 57
   at Sovos.InvoiceWorker.Services.InvoiceOrchestrator.ProcessHourlyAsync(Company company, DateTime fromDate, DateTime toDate, CancellationToken ct, Boolean manualMode) in C:\GitHub\CengizMicroService\Sovos\Sovos.InvoiceWorker\Services\InvoiceOrchestrator.cs:line 225
2026-09-27 23:27:43.617 +03:00 [ERR] Firma PKF Aday Bağımsız Denetim: Login-hata maili gönderilemedi
System.InvalidOperationException: Brevo:ApiKey yapılandırılmamış.
   at Sovos.InvoiceWorker.Services.BrevoMailSender.SendAsync(List`1 recipients, String subject, String htmlContent, CancellationToken ct) in C:\GitHub\CengizMicroService\Sovos\Sovos.InvoiceWorker\Services\BrevoMailSender.cs:line 141
   at Sovos.InvoiceWorker.Services.BrevoMailSender.SendLoginErrorAsync(Company company, String errorMessage, CancellationToken ct) in C:\GitHub\CengizMicroService\Sovos\Sovos.InvoiceWorker\Services\BrevoMailSender.cs:line 112
   at Sovos.InvoiceWorker.Services.InvoiceOrchestrator.ProcessHourlyAsync(Company company, DateTime fromDate, DateTime toDate, CancellationToken ct, Boolean manualMode) in C:\GitHub\CengizMicroService\Sovos\Sovos.InvoiceWorker\Services\InvoiceOrchestrator.cs:line 277
2026-09-27 23:27:43.726 +03:00 [INF] Executed DbCommand (29ms) [Parameters=[@p1='?' (DbType = Int32), @p0='?' (DbType = DateTime2)], CommandType='"Text"', CommandTimeout='30']
SET IMPLICIT_TRANSACTIONS OFF;
SET NOCOUNT ON;
UPDATE [SovosCompanies] SET [LastFailedRunAt] = @p0
OUTPUT 1
WHERE [Id] = @p1;
2026-09-27 23:27:48.743 +03:00 [INF] Firma PKF SMMM: Tarama başlıyor (aralık 27.08.2026 - 27.09.2026)
2026-09-27 23:28:09.878 +03:00 [WRN] Firma PKF SMMM: Login başarısız, deneme 1/3. Hata: Login zaman aşımı (15 sn): 'Çıkış' linki görünmedi - giriş muhtemelen reddedildi.
2026-09-27 23:28:33.126 +03:00 [WRN] Firma PKF SMMM: Login başarısız, deneme 2/3. Hata: Login zaman aşımı (15 sn): 'Çıkış' linki görünmedi - giriş muhtemelen reddedildi.
2026-09-27 23:28:59.112 +03:00 [WRN] Firma PKF SMMM: Login başarısız, deneme 3/3. Hata: Login zaman aşımı (15 sn): 'Çıkış' linki görünmedi - giriş muhtemelen reddedildi.
2026-09-27 23:28:59.410 +03:00 [WRN] Firma PKF SMMM: Login hatası (manualMode=false)
Sovos.InvoiceWorker.Core.Exceptions.SovosLoginException: 3 deneme sonrası giriş başarısız - şifre veya kullanıcı adı yanlış olabilir.
 ---> Sovos.InvoiceWorker.Core.Exceptions.SovosLoginException: Login zaman aşımı (15 sn): 'Çıkış' linki görünmedi - giriş muhtemelen reddedildi.
 ---> System.TimeoutException: Timeout 15000ms exceeded.
Call log:
  - waiting for Locator("text=Çıkış") to be visible
   at Microsoft.Playwright.Transport.Connection.InnerSendMessageToServerAsync[T](ChannelOwner object, String method, Dictionary`2 dictionary, Boolean keepNulls) in /_/src/Playwright/Transport/Connection.cs:line 206
   at Microsoft.Playwright.Transport.Connection.WrapApiCallAsync[T](Func`1 action, Boolean isInternal) in /_/src/Playwright/Transport/Connection.cs:line 532
   at Microsoft.Playwright.Core.Frame.WaitForSelectorAsync(String selector, FrameWaitForSelectorOptions options) in /_/src/Playwright/Core/Frame.cs:line 667
   at Sovos.InvoiceWorker.Services.SovosScraper.AttemptLoginAsync(IPage page, Company company, String decryptedPassword) in C:\GitHub\CengizMicroService\Sovos\Sovos.InvoiceWorker\Services\SovosScraper.cs:line 121
   --- End of inner exception stack trace ---
   at Sovos.InvoiceWorker.Services.SovosScraper.AttemptLoginAsync(IPage page, Company company, String decryptedPassword) in C:\GitHub\CengizMicroService\Sovos\Sovos.InvoiceWorker\Services\SovosScraper.cs:line 127
   at Sovos.InvoiceWorker.Services.SovosScraper.LoginWithRetryAsync(IPage page, Company company, String decryptedPassword, CancellationToken ct) in C:\GitHub\CengizMicroService\Sovos\Sovos.InvoiceWorker\Services\SovosScraper.cs:line 72
   --- End of inner exception stack trace ---
   at Sovos.InvoiceWorker.Services.SovosScraper.LoginWithRetryAsync(IPage page, Company company, String decryptedPassword, CancellationToken ct) in C:\GitHub\CengizMicroService\Sovos\Sovos.InvoiceWorker\Services\SovosScraper.cs:line 93
   at Sovos.InvoiceWorker.Services.SovosScraper.FetchPendingInvoicesAsync(Company company, String decryptedPassword, DateTime fromDate, DateTime toDate, CancellationToken ct) in C:\GitHub\CengizMicroService\Sovos\Sovos.InvoiceWorker\Services\SovosScraper.cs:line 47
   at Sovos.InvoiceWorker.Services.SovosScraper.FetchPendingInvoicesAsync(Company company, String decryptedPassword, DateTime fromDate, DateTime toDate, CancellationToken ct) in C:\GitHub\CengizMicroService\Sovos\Sovos.InvoiceWorker\Services\SovosScraper.cs:line 57
   at Sovos.InvoiceWorker.Services.SovosScraper.FetchPendingInvoicesAsync(Company company, String decryptedPassword, DateTime fromDate, DateTime toDate, CancellationToken ct) in C:\GitHub\CengizMicroService\Sovos\Sovos.InvoiceWorker\Services\SovosScraper.cs:line 57
   at Sovos.InvoiceWorker.Services.InvoiceOrchestrator.ProcessHourlyAsync(Company company, DateTime fromDate, DateTime toDate, CancellationToken ct, Boolean manualMode) in C:\GitHub\CengizMicroService\Sovos\Sovos.InvoiceWorker\Services\InvoiceOrchestrator.cs:line 225
2026-09-27 23:28:59.454 +03:00 [ERR] Firma PKF SMMM: Login-hata maili gönderilemedi
System.InvalidOperationException: Brevo:ApiKey yapılandırılmamış.
   at Sovos.InvoiceWorker.Services.BrevoMailSender.SendAsync(List`1 recipients, String subject, String htmlContent, CancellationToken ct) in C:\GitHub\CengizMicroService\Sovos\Sovos.InvoiceWorker\Services\BrevoMailSender.cs:line 141
   at Sovos.InvoiceWorker.Services.BrevoMailSender.SendLoginErrorAsync(Company company, String errorMessage, CancellationToken ct) in C:\GitHub\CengizMicroService\Sovos\Sovos.InvoiceWorker\Services\BrevoMailSender.cs:line 112
   at Sovos.InvoiceWorker.Services.InvoiceOrchestrator.ProcessHourlyAsync(Company company, DateTime fromDate, DateTime toDate, CancellationToken ct, Boolean manualMode) in C:\GitHub\CengizMicroService\Sovos\Sovos.InvoiceWorker\Services\InvoiceOrchestrator.cs:line 277
2026-09-27 23:28:59.462 +03:00 [INF] Executed DbCommand (5ms) [Parameters=[@p1='?' (DbType = Int32), @p0='?' (DbType = DateTime2)], CommandType='"Text"', CommandTimeout='30']
SET IMPLICIT_TRANSACTIONS OFF;
SET NOCOUNT ON;
UPDATE [SovosCompanies] SET [LastFailedRunAt] = @p0
OUTPUT 1
WHERE [Id] = @p1;
2026-09-27 23:28:59.464 +03:00 [INF] === ScheduledChecks BİTTİ (155836ms) ===
2026-09-27 23:29:59.485 +03:00 [INF] === ScheduledChecks BAŞLADI ===
2026-09-27 23:29:59.539 +03:00 [INF] Executed DbCommand (2ms) [Parameters=[], CommandType='"Text"', CommandTimeout='30']
SELECT [s].[Id], [s].[CompanyCode], [s].[EncryptedPassword], [s].[FirmaId], [s].[IsActive], [s].[LastErrorMessage], [s].[LastFailedRunAt], [s].[LastSuccessfulRunAt], [s].[Name], [s].[NotificationEmails], [s].[ScheduleHour], [s].[ScheduleMode], [s].[Username]
FROM [SovosCompanies] AS [s]
WHERE [s].[IsActive] = CAST(1 AS bit)
2026-09-27 23:29:59.541 +03:00 [INF] 🧮 IsDue "Daily" | Id=1 nowHour=23 schedHour=22 lastDate=2026-09-27 nowDate=2026-09-27 → false
2026-09-27 23:29:59.543 +03:00 [INF] 🧮 IsDue "Daily" | Id=2 nowHour=23 schedHour=9 lastDate=2026-09-27 nowDate=2026-09-27 → false
2026-09-27 23:29:59.545 +03:00 [INF] 🧮 IsDue "Manual" | Id=3 nowHour=23 schedHour=9 lastDate=NULL nowDate=2026-09-27 → false
2026-09-27 23:29:59.546 +03:00 [INF] === ScheduledChecks BİTTİ (58ms) ===
2026-09-27 23:30:59.559 +03:00 [INF] === ScheduledChecks BAŞLADI ===
2026-09-27 23:30:59.568 +03:00 [INF] Executed DbCommand (2ms) [Parameters=[], CommandType='"Text"', CommandTimeout='30']
SELECT [s].[Id], [s].[CompanyCode], [s].[EncryptedPassword], [s].[FirmaId], [s].[IsActive], [s].[LastErrorMessage], [s].[LastFailedRunAt], [s].[LastSuccessfulRunAt], [s].[Name], [s].[NotificationEmails], [s].[ScheduleHour], [s].[ScheduleMode], [s].[Username]
FROM [SovosCompanies] AS [s]
WHERE [s].[IsActive] = CAST(1 AS bit)
2026-09-27 23:30:59.569 +03:00 [INF] 🧮 IsDue "Daily" | Id=1 nowHour=23 schedHour=22 lastDate=2026-09-27 nowDate=2026-09-27 → false
2026-09-27 23:30:59.570 +03:00 [INF] 🧮 IsDue "Daily" | Id=2 nowHour=23 schedHour=9 lastDate=2026-09-27 nowDate=2026-09-27 → false
2026-09-27 23:30:59.571 +03:00 [INF] 🧮 IsDue "Manual" | Id=3 nowHour=23 schedHour=9 lastDate=NULL nowDate=2026-09-27 → false
2026-09-27 23:30:59.572 +03:00 [INF] === ScheduledChecks BİTTİ (12ms) ===
2026-09-27 23:31:59.579 +03:00 [INF] === ScheduledChecks BAŞLADI ===
2026-09-27 23:31:59.588 +03:00 [INF] Executed DbCommand (2ms) [Parameters=[], CommandType='"Text"', CommandTimeout='30']
SELECT [s].[Id], [s].[CompanyCode], [s].[EncryptedPassword], [s].[FirmaId], [s].[IsActive], [s].[LastErrorMessage], [s].[LastFailedRunAt], [s].[LastSuccessfulRunAt], [s].[Name], [s].[NotificationEmails], [s].[ScheduleHour], [s].[ScheduleMode], [s].[Username]
FROM [SovosCompanies] AS [s]
WHERE [s].[IsActive] = CAST(1 AS bit)
2026-09-27 23:31:59.589 +03:00 [INF] 🧮 IsDue "Daily" | Id=1 nowHour=23 schedHour=22 lastDate=2026-09-27 nowDate=2026-09-27 → false
2026-09-27 23:31:59.590 +03:00 [INF] 🧮 IsDue "Daily" | Id=2 nowHour=23 schedHour=9 lastDate=2026-09-27 nowDate=2026-09-27 → false
2026-09-27 23:31:59.591 +03:00 [INF] 🧮 IsDue "Manual" | Id=3 nowHour=23 schedHour=9 lastDate=NULL nowDate=2026-09-27 → false
2026-09-27 23:31:59.592 +03:00 [INF] === ScheduledChecks BİTTİ (12ms) ===
2026-09-27 23:32:59.605 +03:00 [INF] === ScheduledChecks BAŞLADI ===
2026-09-27 23:32:59.615 +03:00 [INF] Executed DbCommand (2ms) [Parameters=[], CommandType='"Text"', CommandTimeout='30']
SELECT [s].[Id], [s].[CompanyCode], [s].[EncryptedPassword], [s].[FirmaId], [s].[IsActive], [s].[LastErrorMessage], [s].[LastFailedRunAt], [s].[LastSuccessfulRunAt], [s].[Name], [s].[NotificationEmails], [s].[ScheduleHour], [s].[ScheduleMode], [s].[Username]
FROM [SovosCompanies] AS [s]
WHERE [s].[IsActive] = CAST(1 AS bit)
2026-09-27 23:32:59.616 +03:00 [INF] 🧮 IsDue "Daily" | Id=1 nowHour=23 schedHour=22 lastDate=2026-09-27 nowDate=2026-09-27 → false
2026-09-27 23:32:59.617 +03:00 [INF] 🧮 IsDue "Daily" | Id=2 nowHour=23 schedHour=9 lastDate=2026-09-27 nowDate=2026-09-27 → false
2026-09-27 23:32:59.618 +03:00 [INF] 🧮 IsDue "Manual" | Id=3 nowHour=23 schedHour=9 lastDate=NULL nowDate=2026-09-27 → false
2026-09-27 23:32:59.620 +03:00 [INF] === ScheduledChecks BİTTİ (13ms) ===
2026-09-27 23:33:59.632 +03:00 [INF] === ScheduledChecks BAŞLADI ===
2026-09-27 23:33:59.642 +03:00 [INF] Executed DbCommand (2ms) [Parameters=[], CommandType='"Text"', CommandTimeout='30']
SELECT [s].[Id], [s].[CompanyCode], [s].[EncryptedPassword], [s].[FirmaId], [s].[IsActive], [s].[LastErrorMessage], [s].[LastFailedRunAt], [s].[LastSuccessfulRunAt], [s].[Name], [s].[NotificationEmails], [s].[ScheduleHour], [s].[ScheduleMode], [s].[Username]
FROM [SovosCompanies] AS [s]
WHERE [s].[IsActive] = CAST(1 AS bit)
2026-09-27 23:33:59.643 +03:00 [INF] 🧮 IsDue "Daily" | Id=1 nowHour=23 schedHour=22 lastDate=2026-09-27 nowDate=2026-09-27 → false
2026-09-27 23:33:59.644 +03:00 [INF] 🧮 IsDue "Daily" | Id=2 nowHour=23 schedHour=9 lastDate=2026-09-27 nowDate=2026-09-27 → false
2026-09-27 23:33:59.646 +03:00 [INF] 🧮 IsDue "Manual" | Id=3 nowHour=23 schedHour=9 lastDate=NULL nowDate=2026-09-27 → false
2026-09-27 23:33:59.647 +03:00 [INF] === ScheduledChecks BİTTİ (13ms) ===
2026-09-27 23:34:59.664 +03:00 [INF] === ScheduledChecks BAŞLADI ===
2026-09-27 23:34:59.673 +03:00 [INF] Executed DbCommand (3ms) [Parameters=[], CommandType='"Text"', CommandTimeout='30']
SELECT [s].[Id], [s].[CompanyCode], [s].[EncryptedPassword], [s].[FirmaId], [s].[IsActive], [s].[LastErrorMessage], [s].[LastFailedRunAt], [s].[LastSuccessfulRunAt], [s].[Name], [s].[NotificationEmails], [s].[ScheduleHour], [s].[ScheduleMode], [s].[Username]
FROM [SovosCompanies] AS [s]
WHERE [s].[IsActive] = CAST(1 AS bit)
2026-09-27 23:34:59.675 +03:00 [INF] 🧮 IsDue "Daily" | Id=1 nowHour=23 schedHour=22 lastDate=2026-09-27 nowDate=2026-09-27 → false
2026-09-27 23:34:59.676 +03:00 [INF] 🧮 IsDue "Daily" | Id=2 nowHour=23 schedHour=9 lastDate=2026-09-27 nowDate=2026-09-27 → false
2026-09-27 23:34:59.677 +03:00 [INF] 🧮 IsDue "Manual" | Id=3 nowHour=23 schedHour=9 lastDate=NULL nowDate=2026-09-27 → false
2026-09-27 23:34:59.678 +03:00 [INF] === ScheduledChecks BİTTİ (12ms) ===
2026-09-27 23:35:59.688 +03:00 [INF] === ScheduledChecks BAŞLADI ===
2026-09-27 23:35:59.696 +03:00 [INF] Executed DbCommand (5ms) [Parameters=[], CommandType='"Text"', CommandTimeout='30']
SELECT [s].[Id], [s].[CompanyCode], [s].[EncryptedPassword], [s].[FirmaId], [s].[IsActive], [s].[LastErrorMessage], [s].[LastFailedRunAt], [s].[LastSuccessfulRunAt], [s].[Name], [s].[NotificationEmails], [s].[ScheduleHour], [s].[ScheduleMode], [s].[Username]
FROM [SovosCompanies] AS [s]
WHERE [s].[IsActive] = CAST(1 AS bit)
2026-09-27 23:35:59.698 +03:00 [INF] 🧮 IsDue "Daily" | Id=1 nowHour=23 schedHour=22 lastDate=2026-09-27 nowDate=2026-09-27 → false
2026-09-27 23:35:59.699 +03:00 [INF] 🧮 IsDue "Daily" | Id=2 nowHour=23 schedHour=9 lastDate=2026-09-27 nowDate=2026-09-27 → false
2026-09-27 23:35:59.700 +03:00 [INF] 🧮 IsDue "Manual" | Id=3 nowHour=23 schedHour=9 lastDate=NULL nowDate=2026-09-27 → false
2026-09-27 23:35:59.701 +03:00 [INF] === ScheduledChecks BİTTİ (11ms) ===
2026-09-27 23:36:59.709 +03:00 [INF] === ScheduledChecks BAŞLADI ===
2026-09-27 23:36:59.716 +03:00 [INF] Executed DbCommand (2ms) [Parameters=[], CommandType='"Text"', CommandTimeout='30']
SELECT [s].[Id], [s].[CompanyCode], [s].[EncryptedPassword], [s].[FirmaId], [s].[IsActive], [s].[LastErrorMessage], [s].[LastFailedRunAt], [s].[LastSuccessfulRunAt], [s].[Name], [s].[NotificationEmails], [s].[ScheduleHour], [s].[ScheduleMode], [s].[Username]
FROM [SovosCompanies] AS [s]
WHERE [s].[IsActive] = CAST(1 AS bit)
2026-09-27 23:36:59.717 +03:00 [INF] 🧮 IsDue "Daily" | Id=1 nowHour=23 schedHour=22 lastDate=2026-09-27 nowDate=2026-09-27 → false
2026-09-27 23:36:59.718 +03:00 [INF] 🧮 IsDue "Daily" | Id=2 nowHour=23 schedHour=9 lastDate=2026-09-27 nowDate=2026-09-27 → false
2026-09-27 23:36:59.720 +03:00 [INF] 🧮 IsDue "Manual" | Id=3 nowHour=23 schedHour=9 lastDate=NULL nowDate=2026-09-27 → false
2026-09-27 23:36:59.721 +03:00 [INF] === ScheduledChecks BİTTİ (10ms) ===
2026-09-27 23:37:59.728 +03:00 [INF] === ScheduledChecks BAŞLADI ===
2026-09-27 23:37:59.739 +03:00 [INF] Executed DbCommand (3ms) [Parameters=[], CommandType='"Text"', CommandTimeout='30']
SELECT [s].[Id], [s].[CompanyCode], [s].[EncryptedPassword], [s].[FirmaId], [s].[IsActive], [s].[LastErrorMessage], [s].[LastFailedRunAt], [s].[LastSuccessfulRunAt], [s].[Name], [s].[NotificationEmails], [s].[ScheduleHour], [s].[ScheduleMode], [s].[Username]
FROM [SovosCompanies] AS [s]
WHERE [s].[IsActive] = CAST(1 AS bit)
2026-09-27 23:37:59.740 +03:00 [INF] 🧮 IsDue "Daily" | Id=1 nowHour=23 schedHour=22 lastDate=2026-09-27 nowDate=2026-09-27 → false
2026-09-27 23:37:59.741 +03:00 [INF] 🧮 IsDue "Daily" | Id=2 nowHour=23 schedHour=9 lastDate=2026-09-27 nowDate=2026-09-27 → false
2026-09-27 23:37:59.743 +03:00 [INF] 🧮 IsDue "Manual" | Id=3 nowHour=23 schedHour=9 lastDate=NULL nowDate=2026-09-27 → false
2026-09-27 23:37:59.744 +03:00 [INF] === ScheduledChecks BİTTİ (15ms) ===
2026-09-27 23:38:59.745 +03:00 [INF] === ScheduledChecks BAŞLADI ===
2026-09-27 23:38:59.754 +03:00 [INF] Executed DbCommand (3ms) [Parameters=[], CommandType='"Text"', CommandTimeout='30']
SELECT [s].[Id], [s].[CompanyCode], [s].[EncryptedPassword], [s].[FirmaId], [s].[IsActive], [s].[LastErrorMessage], [s].[LastFailedRunAt], [s].[LastSuccessfulRunAt], [s].[Name], [s].[NotificationEmails], [s].[ScheduleHour], [s].[ScheduleMode], [s].[Username]
FROM [SovosCompanies] AS [s]
WHERE [s].[IsActive] = CAST(1 AS bit)
2026-09-27 23:38:59.755 +03:00 [INF] 🧮 IsDue "Daily" | Id=1 nowHour=23 schedHour=22 lastDate=2026-09-27 nowDate=2026-09-27 → false
2026-09-27 23:38:59.756 +03:00 [INF] 🧮 IsDue "Daily" | Id=2 nowHour=23 schedHour=9 lastDate=2026-09-27 nowDate=2026-09-27 → false
2026-09-27 23:38:59.757 +03:00 [INF] 🧮 IsDue "Manual" | Id=3 nowHour=23 schedHour=9 lastDate=NULL nowDate=2026-09-27 → false
2026-09-27 23:38:59.758 +03:00 [INF] === ScheduledChecks BİTTİ (12ms) ===
2026-09-27 23:48:30.606 +03:00 [INF] Executed DbCommand (32ms) [Parameters=[], CommandType='"Text"', CommandTimeout='30']
SELECT 1
2026-09-27 23:48:30.699 +03:00 [INF] Executed DbCommand (15ms) [Parameters=[], CommandType='"Text"', CommandTimeout='30']
SELECT OBJECT_ID(N'[__EFMigrationsHistory]');
2026-09-27 23:48:30.705 +03:00 [INF] Executed DbCommand (1ms) [Parameters=[], CommandType='"Text"', CommandTimeout='30']
SELECT 1
2026-09-27 23:48:30.708 +03:00 [INF] Executed DbCommand (0ms) [Parameters=[], CommandType='"Text"', CommandTimeout='30']
SELECT OBJECT_ID(N'[__EFMigrationsHistory]');
2026-09-27 23:48:30.727 +03:00 [INF] Executed DbCommand (1ms) [Parameters=[], CommandType='"Text"', CommandTimeout='30']
SELECT [MigrationId], [ProductVersion]
FROM [__EFMigrationsHistory]
ORDER BY [MigrationId];
2026-09-27 23:48:30.781 +03:00 [INF] No migrations were applied. The database is already up to date.
2026-09-27 23:48:31.005 +03:00 [INF] InvoiceCheckWorker başladı. InitialDelay=30sn
2026-09-27 23:48:31.124 +03:00 [WRN] Overriding address(es) 'http://localhost:5011'. Binding to endpoints defined via IConfiguration and/or UseKestrel() instead.
2026-09-27 23:48:31.138 +03:00 [INF] Now listening on: http://localhost:5011
2026-09-27 23:48:31.196 +03:00 [INF] Application started. Press Ctrl+C to shut down.
2026-09-27 23:48:31.197 +03:00 [INF] Hosting environment: Development
2026-09-27 23:48:31.199 +03:00 [INF] Content root path: C:\GitHub\CengizMicroService\Sovos\Sovos.InvoiceWorker
2026-09-27 23:49:01.048 +03:00 [INF] === ScheduledChecks BAŞLADI ===
2026-09-27 23:49:01.285 +03:00 [INF] Executed DbCommand (18ms) [Parameters=[], CommandType='"Text"', CommandTimeout='30']
SELECT [s].[Id], [s].[CompanyCode], [s].[EncryptedPassword], [s].[FirmaId], [s].[IsActive], [s].[LastErrorMessage], [s].[LastFailedRunAt], [s].[LastSuccessfulRunAt], [s].[Name], [s].[NotificationEmails], [s].[ScheduleHour], [s].[ScheduleMode], [s].[Username]
FROM [SovosCompanies] AS [s]
WHERE [s].[IsActive] = CAST(1 AS bit)
2026-09-27 23:49:01.356 +03:00 [INF] 🧮 IsDue "Daily" | Id=1 nowHour=23 schedHour=22 lastDate=2026-09-27 nowDate=2026-09-27 → false
2026-09-27 23:49:01.360 +03:00 [INF] 🧮 IsDue "Daily" | Id=2 nowHour=23 schedHour=9 lastDate=2026-09-27 nowDate=2026-09-27 → false
2026-09-27 23:49:01.361 +03:00 [INF] 🧮 IsDue "Manual" | Id=3 nowHour=23 schedHour=9 lastDate=NULL nowDate=2026-09-27 → false
2026-09-27 23:49:01.363 +03:00 [INF] === ScheduledChecks BİTTİ (313ms) ===
2026-09-27 23:50:01.389 +03:00 [INF] === ScheduledChecks BAŞLADI ===
2026-09-27 23:50:01.438 +03:00 [INF] Executed DbCommand (3ms) [Parameters=[], CommandType='"Text"', CommandTimeout='30']
SELECT [s].[Id], [s].[CompanyCode], [s].[EncryptedPassword], [s].[FirmaId], [s].[IsActive], [s].[LastErrorMessage], [s].[LastFailedRunAt], [s].[LastSuccessfulRunAt], [s].[Name], [s].[NotificationEmails], [s].[ScheduleHour], [s].[ScheduleMode], [s].[Username]
FROM [SovosCompanies] AS [s]
WHERE [s].[IsActive] = CAST(1 AS bit)
2026-09-27 23:50:01.440 +03:00 [INF] 🧮 IsDue "Daily" | Id=1 nowHour=23 schedHour=22 lastDate=2026-09-27 nowDate=2026-09-27 → false
2026-09-27 23:50:01.441 +03:00 [INF] 🧮 IsDue "Daily" | Id=2 nowHour=23 schedHour=9 lastDate=2026-09-27 nowDate=2026-09-27 → false
2026-09-27 23:50:01.443 +03:00 [INF] 🧮 IsDue "Manual" | Id=3 nowHour=23 schedHour=9 lastDate=NULL nowDate=2026-09-27 → false
2026-09-27 23:50:01.444 +03:00 [INF] === ScheduledChecks BİTTİ (50ms) ===
2026-09-27 23:51:01.456 +03:00 [INF] === ScheduledChecks BAŞLADI ===
2026-09-27 23:51:01.464 +03:00 [INF] Executed DbCommand (3ms) [Parameters=[], CommandType='"Text"', CommandTimeout='30']
SELECT [s].[Id], [s].[CompanyCode], [s].[EncryptedPassword], [s].[FirmaId], [s].[IsActive], [s].[LastErrorMessage], [s].[LastFailedRunAt], [s].[LastSuccessfulRunAt], [s].[Name], [s].[NotificationEmails], [s].[ScheduleHour], [s].[ScheduleMode], [s].[Username]
FROM [SovosCompanies] AS [s]
WHERE [s].[IsActive] = CAST(1 AS bit)
2026-09-27 23:51:01.466 +03:00 [INF] 🧮 IsDue "Daily" | Id=1 nowHour=23 schedHour=22 lastDate=2026-09-27 nowDate=2026-09-27 → false
2026-09-27 23:51:01.468 +03:00 [INF] 🧮 IsDue "Daily" | Id=2 nowHour=23 schedHour=9 lastDate=2026-09-27 nowDate=2026-09-27 → false
2026-09-27 23:51:01.469 +03:00 [INF] 🧮 IsDue "Manual" | Id=3 nowHour=23 schedHour=9 lastDate=NULL nowDate=2026-09-27 → false
2026-09-27 23:51:01.471 +03:00 [INF] === ScheduledChecks BİTTİ (12ms) ===
2026-09-27 23:52:01.477 +03:00 [INF] === ScheduledChecks BAŞLADI ===
2026-09-27 23:52:01.488 +03:00 [INF] Executed DbCommand (2ms) [Parameters=[], CommandType='"Text"', CommandTimeout='30']
SELECT [s].[Id], [s].[CompanyCode], [s].[EncryptedPassword], [s].[FirmaId], [s].[IsActive], [s].[LastErrorMessage], [s].[LastFailedRunAt], [s].[LastSuccessfulRunAt], [s].[Name], [s].[NotificationEmails], [s].[ScheduleHour], [s].[ScheduleMode], [s].[Username]
FROM [SovosCompanies] AS [s]
WHERE [s].[IsActive] = CAST(1 AS bit)
2026-09-27 23:52:01.490 +03:00 [INF] 🧮 IsDue "Daily" | Id=1 nowHour=23 schedHour=22 lastDate=2026-09-27 nowDate=2026-09-27 → false
2026-09-27 23:52:01.492 +03:00 [INF] 🧮 IsDue "Daily" | Id=2 nowHour=23 schedHour=9 lastDate=2026-09-27 nowDate=2026-09-27 → false
2026-09-27 23:52:01.494 +03:00 [INF] 🧮 IsDue "Manual" | Id=3 nowHour=23 schedHour=9 lastDate=NULL nowDate=2026-09-27 → false
2026-09-27 23:52:01.495 +03:00 [INF] === ScheduledChecks BİTTİ (16ms) ===
2026-09-27 23:53:01.511 +03:00 [INF] === ScheduledChecks BAŞLADI ===
2026-09-27 23:53:01.521 +03:00 [INF] Executed DbCommand (2ms) [Parameters=[], CommandType='"Text"', CommandTimeout='30']
SELECT [s].[Id], [s].[CompanyCode], [s].[EncryptedPassword], [s].[FirmaId], [s].[IsActive], [s].[LastErrorMessage], [s].[LastFailedRunAt], [s].[LastSuccessfulRunAt], [s].[Name], [s].[NotificationEmails], [s].[ScheduleHour], [s].[ScheduleMode], [s].[Username]
FROM [SovosCompanies] AS [s]
WHERE [s].[IsActive] = CAST(1 AS bit)
2026-09-27 23:53:01.522 +03:00 [INF] 🧮 IsDue "Daily" | Id=1 nowHour=23 schedHour=22 lastDate=2026-09-27 nowDate=2026-09-27 → false
2026-09-27 23:53:01.524 +03:00 [INF] 🧮 IsDue "Daily" | Id=2 nowHour=23 schedHour=9 lastDate=2026-09-27 nowDate=2026-09-27 → false
2026-09-27 23:53:01.525 +03:00 [INF] 🧮 IsDue "Manual" | Id=3 nowHour=23 schedHour=9 lastDate=NULL nowDate=2026-09-27 → false
2026-09-27 23:53:01.525 +03:00 [INF] === ScheduledChecks BİTTİ (12ms) ===
2026-09-27 23:54:01.536 +03:00 [INF] === ScheduledChecks BAŞLADI ===
2026-09-27 23:54:01.545 +03:00 [INF] Executed DbCommand (3ms) [Parameters=[], CommandType='"Text"', CommandTimeout='30']
SELECT [s].[Id], [s].[CompanyCode], [s].[EncryptedPassword], [s].[FirmaId], [s].[IsActive], [s].[LastErrorMessage], [s].[LastFailedRunAt], [s].[LastSuccessfulRunAt], [s].[Name], [s].[NotificationEmails], [s].[ScheduleHour], [s].[ScheduleMode], [s].[Username]
FROM [SovosCompanies] AS [s]
WHERE [s].[IsActive] = CAST(1 AS bit)
2026-09-27 23:54:01.546 +03:00 [INF] 🧮 IsDue "Daily" | Id=1 nowHour=23 schedHour=22 lastDate=2026-09-27 nowDate=2026-09-27 → false
2026-09-27 23:54:01.547 +03:00 [INF] 🧮 IsDue "Daily" | Id=2 nowHour=23 schedHour=9 lastDate=2026-09-27 nowDate=2026-09-27 → false
2026-09-27 23:54:01.548 +03:00 [INF] 🧮 IsDue "Manual" | Id=3 nowHour=23 schedHour=9 lastDate=NULL nowDate=2026-09-27 → false
2026-09-27 23:54:01.549 +03:00 [INF] === ScheduledChecks BİTTİ (11ms) ===
2026-09-27 23:55:01.548 +03:00 [INF] === ScheduledChecks BAŞLADI ===
2026-09-27 23:55:01.555 +03:00 [INF] Executed DbCommand (4ms) [Parameters=[], CommandType='"Text"', CommandTimeout='30']
SELECT [s].[Id], [s].[CompanyCode], [s].[EncryptedPassword], [s].[FirmaId], [s].[IsActive], [s].[LastErrorMessage], [s].[LastFailedRunAt], [s].[LastSuccessfulRunAt], [s].[Name], [s].[NotificationEmails], [s].[ScheduleHour], [s].[ScheduleMode], [s].[Username]
FROM [SovosCompanies] AS [s]
WHERE [s].[IsActive] = CAST(1 AS bit)
2026-09-27 23:55:01.558 +03:00 [INF] 🧮 IsDue "Daily" | Id=1 nowHour=23 schedHour=22 lastDate=2026-09-27 nowDate=2026-09-27 → false
2026-09-27 23:55:01.561 +03:00 [INF] 🧮 IsDue "Daily" | Id=2 nowHour=23 schedHour=9 lastDate=2026-09-27 nowDate=2026-09-27 → false
2026-09-27 23:55:01.564 +03:00 [INF] 🧮 IsDue "Manual" | Id=3 nowHour=23 schedHour=9 lastDate=NULL nowDate=2026-09-27 → false
2026-09-27 23:55:01.567 +03:00 [INF] === ScheduledChecks BİTTİ (17ms) ===
2026-09-27 23:56:01.583 +03:00 [INF] === ScheduledChecks BAŞLADI ===
2026-09-27 23:56:01.591 +03:00 [INF] Executed DbCommand (3ms) [Parameters=[], CommandType='"Text"', CommandTimeout='30']
SELECT [s].[Id], [s].[CompanyCode], [s].[EncryptedPassword], [s].[FirmaId], [s].[IsActive], [s].[LastErrorMessage], [s].[LastFailedRunAt], [s].[LastSuccessfulRunAt], [s].[Name], [s].[NotificationEmails], [s].[ScheduleHour], [s].[ScheduleMode], [s].[Username]
FROM [SovosCompanies] AS [s]
WHERE [s].[IsActive] = CAST(1 AS bit)
2026-09-27 23:56:01.593 +03:00 [INF] 🧮 IsDue "Daily" | Id=1 nowHour=23 schedHour=22 lastDate=2026-09-27 nowDate=2026-09-27 → false
2026-09-27 23:56:01.594 +03:00 [INF] 🧮 IsDue "Daily" | Id=2 nowHour=23 schedHour=9 lastDate=2026-09-27 nowDate=2026-09-27 → false
2026-09-27 23:56:01.595 +03:00 [INF] 🧮 IsDue "Manual" | Id=3 nowHour=23 schedHour=9 lastDate=NULL nowDate=2026-09-27 → false
2026-09-27 23:56:01.596 +03:00 [INF] === ScheduledChecks BİTTİ (11ms) ===
2026-09-27 23:57:01.586 +03:00 [INF] === ScheduledChecks BAŞLADI ===
2026-09-27 23:57:01.608 +03:00 [INF] Executed DbCommand (15ms) [Parameters=[], CommandType='"Text"', CommandTimeout='30']
SELECT [s].[Id], [s].[CompanyCode], [s].[EncryptedPassword], [s].[FirmaId], [s].[IsActive], [s].[LastErrorMessage], [s].[LastFailedRunAt], [s].[LastSuccessfulRunAt], [s].[Name], [s].[NotificationEmails], [s].[ScheduleHour], [s].[ScheduleMode], [s].[Username]
FROM [SovosCompanies] AS [s]
WHERE [s].[IsActive] = CAST(1 AS bit)
2026-09-27 23:57:01.610 +03:00 [INF] 🧮 IsDue "Daily" | Id=1 nowHour=23 schedHour=22 lastDate=2026-09-27 nowDate=2026-09-27 → false
2026-09-27 23:57:01.611 +03:00 [INF] 🧮 IsDue "Daily" | Id=2 nowHour=23 schedHour=9 lastDate=2026-09-27 nowDate=2026-09-27 → false
2026-09-27 23:57:01.612 +03:00 [INF] 🧮 IsDue "Manual" | Id=3 nowHour=23 schedHour=9 lastDate=NULL nowDate=2026-09-27 → false
2026-09-27 23:57:01.613 +03:00 [INF] === ScheduledChecks BİTTİ (26ms) ===
2026-09-27 23:58:01.626 +03:00 [INF] === ScheduledChecks BAŞLADI ===
2026-09-27 23:58:01.635 +03:00 [INF] Executed DbCommand (3ms) [Parameters=[], CommandType='"Text"', CommandTimeout='30']
SELECT [s].[Id], [s].[CompanyCode], [s].[EncryptedPassword], [s].[FirmaId], [s].[IsActive], [s].[LastErrorMessage], [s].[LastFailedRunAt], [s].[LastSuccessfulRunAt], [s].[Name], [s].[NotificationEmails], [s].[ScheduleHour], [s].[ScheduleMode], [s].[Username]
FROM [SovosCompanies] AS [s]
WHERE [s].[IsActive] = CAST(1 AS bit)
2026-09-27 23:58:01.636 +03:00 [INF] 🧮 IsDue "Daily" | Id=1 nowHour=23 schedHour=22 lastDate=2026-09-27 nowDate=2026-09-27 → false
2026-09-27 23:58:01.637 +03:00 [INF] 🧮 IsDue "Daily" | Id=2 nowHour=23 schedHour=9 lastDate=2026-09-27 nowDate=2026-09-27 → false
2026-09-27 23:58:01.638 +03:00 [INF] 🧮 IsDue "Manual" | Id=3 nowHour=23 schedHour=9 lastDate=NULL nowDate=2026-09-27 → false
2026-09-27 23:58:01.639 +03:00 [INF] === ScheduledChecks BİTTİ (11ms) ===
2026-09-27 23:59:01.644 +03:00 [INF] === ScheduledChecks BAŞLADI ===
2026-09-27 23:59:01.652 +03:00 [INF] Executed DbCommand (2ms) [Parameters=[], CommandType='"Text"', CommandTimeout='30']
SELECT [s].[Id], [s].[CompanyCode], [s].[EncryptedPassword], [s].[FirmaId], [s].[IsActive], [s].[LastErrorMessage], [s].[LastFailedRunAt], [s].[LastSuccessfulRunAt], [s].[Name], [s].[NotificationEmails], [s].[ScheduleHour], [s].[ScheduleMode], [s].[Username]
FROM [SovosCompanies] AS [s]
WHERE [s].[IsActive] = CAST(1 AS bit)
2026-09-27 23:59:01.653 +03:00 [INF] 🧮 IsDue "Daily" | Id=1 nowHour=23 schedHour=22 lastDate=2026-09-27 nowDate=2026-09-27 → false
2026-09-27 23:59:01.654 +03:00 [INF] 🧮 IsDue "Daily" | Id=2 nowHour=23 schedHour=9 lastDate=2026-09-27 nowDate=2026-09-27 → false
2026-09-27 23:59:01.655 +03:00 [INF] 🧮 IsDue "Manual" | Id=3 nowHour=23 schedHour=9 lastDate=NULL nowDate=2026-09-27 → false
2026-09-27 23:59:01.656 +03:00 [INF] === ScheduledChecks BİTTİ (12ms) ===
